INSERT INTO W_LANGUAGE ( ID_LANGUAGE, DS_CODE, DS_COUNTRY_CODE, DS_LANGUAGE_CODE ) VALUES ( 1, 'en_US', 'US', 'en' )
INSERT INTO W_LANGUAGE ( ID_LANGUAGE, DS_CODE, DS_COUNTRY_CODE, DS_LANGUAGE_CODE ) VALUES ( 2, 'es_MX', 'MX', 'es' )

INSERT INTO C_DISTRIBUTOR ( ID_DISTRIBUTOR, ID_VISTA, DS_NAME, DS_SHORT_NAME, FG_ACTIVE, DT_LAST_MODIFICATION, ID_LAST_USER_MODIFIER ) VALUES ( 1, 1001, 'Distribuidor 1', 'Dist. 1', 1, '2014-03-10 15:00:00', 1 )
INSERT INTO C_DISTRIBUTOR ( ID_DISTRIBUTOR, ID_VISTA, DS_NAME, DS_SHORT_NAME, FG_ACTIVE, DT_LAST_MODIFICATION, ID_LAST_USER_MODIFIER ) VALUES ( 2, 1002, 'Distribuidor 2', 'Dist. 2', 1, '2014-03-10 15:00:00', 1 )
INSERT INTO C_DISTRIBUTOR ( ID_DISTRIBUTOR, ID_VISTA, DS_NAME, DS_SHORT_NAME, FG_ACTIVE, DT_LAST_MODIFICATION, ID_LAST_USER_MODIFIER ) VALUES ( 3, 1003, 'Distribuidor 3', 'Dist. 3', 1, '2014-03-10 15:00:00', 1 )
INSERT INTO C_DISTRIBUTOR ( ID_DISTRIBUTOR, ID_VISTA, DS_NAME, DS_SHORT_NAME, FG_ACTIVE, DT_LAST_MODIFICATION, ID_LAST_USER_MODIFIER ) VALUES ( 4, 1004, 'Distribuidor 4', 'Dist. 4', 1, '2014-03-10 15:00:00', 1 )
INSERT INTO C_DISTRIBUTOR ( ID_DISTRIBUTOR, ID_VISTA, DS_NAME, DS_SHORT_NAME, FG_ACTIVE, DT_LAST_MODIFICATION, ID_LAST_USER_MODIFIER ) VALUES ( 5, 1005, 'Distribuidor 5', 'Dist. 5', 1, '2014-03-10 15:00:00', 1 )
INSERT INTO C_DISTRIBUTOR ( ID_DISTRIBUTOR, ID_VISTA, DS_NAME, DS_SHORT_NAME, FG_ACTIVE, DT_LAST_MODIFICATION, ID_LAST_USER_MODIFIER ) VALUES ( 6, 1006, 'Distribuidor 6', 'Dist. 6', 1, '2014-03-10 15:00:00', 1 )
INSERT INTO C_DISTRIBUTOR ( ID_DISTRIBUTOR, ID_VISTA, DS_NAME, DS_SHORT_NAME, FG_ACTIVE, DT_LAST_MODIFICATION, ID_LAST_USER_MODIFIER ) VALUES ( 7, 1007, 'Distribuidor 7', 'Dist. 7', 1, '2014-03-10 15:00:00', 1 )
INSERT INTO C_DISTRIBUTOR ( ID_DISTRIBUTOR, ID_VISTA, DS_NAME, DS_SHORT_NAME, FG_ACTIVE, DT_LAST_MODIFICATION, ID_LAST_USER_MODIFIER ) VALUES ( 8, 1008, 'Distribuidor 8', 'Dist. 8', 1, '2014-03-10 15:00:00', 1 )
INSERT INTO C_DISTRIBUTOR ( ID_DISTRIBUTOR, ID_VISTA, DS_NAME, DS_SHORT_NAME, FG_ACTIVE, DT_LAST_MODIFICATION, ID_LAST_USER_MODIFIER ) VALUES ( 9, 1009, 'Distribuidor 9', 'Dist. 9', 1, '2014-03-10 15:00:00', 1 )
INSERT INTO C_DISTRIBUTOR ( ID_DISTRIBUTOR, ID_VISTA, DS_NAME, DS_SHORT_NAME, FG_ACTIVE, DT_LAST_MODIFICATION, ID_LAST_USER_MODIFIER ) VALUES ( 10, 1010, 'Distribuidor 10', 'Dist. 10', 1, '2014-03-10 15:00:00', 1 )
INSERT INTO C_DISTRIBUTOR ( ID_DISTRIBUTOR, ID_VISTA, DS_NAME, DS_SHORT_NAME, FG_ACTIVE, DT_LAST_MODIFICATION, ID_LAST_USER_MODIFIER ) VALUES ( 11, 1011, 'Distribuidor 11', 'Dist. 11', 1, '2014-03-10 15:00:00', 1 )
INSERT INTO C_DISTRIBUTOR ( ID_DISTRIBUTOR, ID_VISTA, DS_NAME, DS_SHORT_NAME, FG_ACTIVE, DT_LAST_MODIFICATION, ID_LAST_USER_MODIFIER ) VALUES ( 12, 3, 'Contenido Alternativo', 'Contenido', 1, '2014-03-10 15:00:00', 1 )
UPDATE SEQUENCE SET SEQ_COUNT = 1000 WHERE SEQ_NAME = 'SEQ_GEN'


-- Categorias
INSERT INTO C_CATEGORY_TYPE ( ID_CATEGORY_TYPE ) VALUES ( 1 )
INSERT INTO C_CATEGORY_TYPE ( ID_CATEGORY_TYPE ) VALUES ( 2 )
INSERT INTO C_CATEGORY_TYPE ( ID_CATEGORY_TYPE ) VALUES ( 3 )

INSERT INTO C_CATEGORY_TYPE_LANGUAGE ( ID_CATEGORY_TYPE_LANGUAGE, ID_CATEGORY_TYPE, ID_LANGUAGE, DS_NAME ) VALUES ( 1, 1, 1, 'Sound'  )
INSERT INTO C_CATEGORY_TYPE_LANGUAGE ( ID_CATEGORY_TYPE_LANGUAGE, ID_CATEGORY_TYPE, ID_LANGUAGE, DS_NAME ) VALUES ( 2, 1, 2, 'Sonido'  )
INSERT INTO C_CATEGORY_TYPE_LANGUAGE ( ID_CATEGORY_TYPE_LANGUAGE, ID_CATEGORY_TYPE, ID_LANGUAGE, DS_NAME ) VALUES ( 3, 2, 1, 'Format'  )
INSERT INTO C_CATEGORY_TYPE_LANGUAGE ( ID_CATEGORY_TYPE_LANGUAGE, ID_CATEGORY_TYPE, ID_LANGUAGE, DS_NAME ) VALUES ( 4, 2, 2, 'Formato'  )
INSERT INTO C_CATEGORY_TYPE_LANGUAGE ( ID_CATEGORY_TYPE_LANGUAGE, ID_CATEGORY_TYPE, ID_LANGUAGE, DS_NAME ) VALUES ( 5, 3, 1, 'Screen Format'  )
INSERT INTO C_CATEGORY_TYPE_LANGUAGE ( ID_CATEGORY_TYPE_LANGUAGE, ID_CATEGORY_TYPE, ID_LANGUAGE, DS_NAME ) VALUES ( 6, 3, 2, 'Formato de pantalla'  )

INSERT INTO C_CATEGORY ( ID_CATEGORY, ID_CATEGORY_TYPE, FG_ACTIVE, DT_LAST_MODIFICATION, ID_LAST_USER_MODIFIER ) VALUES ( 1, 1, 1, '2014-03-25 12:00:00', 1 )
INSERT INTO C_CATEGORY ( ID_CATEGORY, ID_CATEGORY_TYPE, FG_ACTIVE, DT_LAST_MODIFICATION, ID_LAST_USER_MODIFIER ) VALUES ( 2, 1, 1, '2014-03-25 12:00:00', 1 )
INSERT INTO C_CATEGORY ( ID_CATEGORY, ID_CATEGORY_TYPE, FG_ACTIVE, DT_LAST_MODIFICATION, ID_LAST_USER_MODIFIER ) VALUES ( 3, 2, 1, '2014-03-25 12:00:00', 1 )
INSERT INTO C_CATEGORY ( ID_CATEGORY, ID_CATEGORY_TYPE, FG_ACTIVE, DT_LAST_MODIFICATION, ID_LAST_USER_MODIFIER ) VALUES ( 4, 2, 1, '2014-03-25 12:00:00', 1 )
INSERT INTO C_CATEGORY ( ID_CATEGORY, ID_CATEGORY_TYPE, FG_ACTIVE, DT_LAST_MODIFICATION, ID_LAST_USER_MODIFIER ) VALUES ( 5, 2, 1, '2014-03-25 12:00:00', 1 )
INSERT INTO C_CATEGORY ( ID_CATEGORY, ID_CATEGORY_TYPE, FG_ACTIVE, DT_LAST_MODIFICATION, ID_LAST_USER_MODIFIER ) VALUES ( 6, 2, 1, '2014-03-25 12:00:00', 1 )
INSERT INTO C_CATEGORY ( ID_CATEGORY, ID_CATEGORY_TYPE, FG_ACTIVE, DT_LAST_MODIFICATION, ID_LAST_USER_MODIFIER ) VALUES ( 7, 3, 1, '2014-03-25 12:00:00', 1 )
INSERT INTO C_CATEGORY ( ID_CATEGORY, ID_CATEGORY_TYPE, FG_ACTIVE, DT_LAST_MODIFICATION, ID_LAST_USER_MODIFIER ) VALUES ( 8, 3, 1, '2014-03-25 12:00:00', 1 )
INSERT INTO C_CATEGORY ( ID_CATEGORY, ID_CATEGORY_TYPE, FG_ACTIVE, DT_LAST_MODIFICATION, ID_LAST_USER_MODIFIER ) VALUES ( 9, 3, 1, '2014-06-17 12:00:00', 1 )
INSERT INTO C_CATEGORY ( ID_CATEGORY, ID_CATEGORY_TYPE, FG_ACTIVE, DT_LAST_MODIFICATION, ID_LAST_USER_MODIFIER ) VALUES (10, 2, 1, '2014-06-17 12:00:00', 1 )


INSERT INTO C_CATEGORY_LANGUAGE ( ID_CATEGORY_LANGUAGE, ID_CATEGORY, ID_LANGUAGE, DS_NAME ) VALUES ( 1, 1, 1, 'Esp ENG' )
INSERT INTO C_CATEGORY_LANGUAGE ( ID_CATEGORY_LANGUAGE, ID_CATEGORY, ID_LANGUAGE, DS_NAME ) VALUES ( 2, 2, 1, 'Sub ENG' )
INSERT INTO C_CATEGORY_LANGUAGE ( ID_CATEGORY_LANGUAGE, ID_CATEGORY, ID_LANGUAGE, DS_NAME ) VALUES ( 3, 3, 1, '3D ENG' )
INSERT INTO C_CATEGORY_LANGUAGE ( ID_CATEGORY_LANGUAGE, ID_CATEGORY, ID_LANGUAGE, DS_NAME ) VALUES ( 4, 4, 1, 'IMAX ENG' )
INSERT INTO C_CATEGORY_LANGUAGE ( ID_CATEGORY_LANGUAGE, ID_CATEGORY, ID_LANGUAGE, DS_NAME ) VALUES ( 5, 5, 1, '4DX ENG' )
INSERT INTO C_CATEGORY_LANGUAGE ( ID_CATEGORY_LANGUAGE, ID_CATEGORY, ID_LANGUAGE, DS_NAME ) VALUES ( 6, 6, 1, 'Dig' )
INSERT INTO C_CATEGORY_LANGUAGE ( ID_CATEGORY_LANGUAGE, ID_CATEGORY, ID_LANGUAGE, DS_NAME ) VALUES ( 7, 1, 2, 'Esp' )
INSERT INTO C_CATEGORY_LANGUAGE ( ID_CATEGORY_LANGUAGE, ID_CATEGORY, ID_LANGUAGE, DS_NAME ) VALUES ( 8, 2, 2, 'Sub' )
INSERT INTO C_CATEGORY_LANGUAGE ( ID_CATEGORY_LANGUAGE, ID_CATEGORY, ID_LANGUAGE, DS_NAME ) VALUES ( 9, 3, 2, '3D' )
INSERT INTO C_CATEGORY_LANGUAGE ( ID_CATEGORY_LANGUAGE, ID_CATEGORY, ID_LANGUAGE, DS_NAME ) VALUES ( 10, 4, 2, 'IMAX' )
INSERT INTO C_CATEGORY_LANGUAGE ( ID_CATEGORY_LANGUAGE, ID_CATEGORY, ID_LANGUAGE, DS_NAME ) VALUES ( 11, 5, 2, '4DX' )
INSERT INTO C_CATEGORY_LANGUAGE ( ID_CATEGORY_LANGUAGE, ID_CATEGORY, ID_LANGUAGE, DS_NAME ) VALUES ( 12, 6, 2, 'Dig' )
INSERT INTO C_CATEGORY_LANGUAGE ( ID_CATEGORY_LANGUAGE, ID_CATEGORY, ID_LANGUAGE, DS_NAME ) VALUES ( 13, 7, 1, 'Junior' )
INSERT INTO C_CATEGORY_LANGUAGE ( ID_CATEGORY_LANGUAGE, ID_CATEGORY, ID_LANGUAGE, DS_NAME ) VALUES ( 14, 7, 2, 'IMAX' )
INSERT INTO C_CATEGORY_LANGUAGE ( ID_CATEGORY_LANGUAGE, ID_CATEGORY, ID_LANGUAGE, DS_NAME ) VALUES ( 15, 8, 1, 'Junior' )
INSERT INTO C_CATEGORY_LANGUAGE ( ID_CATEGORY_LANGUAGE, ID_CATEGORY, ID_LANGUAGE, DS_NAME ) VALUES ( 16, 8, 2, 'IMAX' )
INSERT INTO C_CATEGORY_LANGUAGE ( ID_CATEGORY_LANGUAGE, ID_CATEGORY, ID_LANGUAGE, DS_NAME ) VALUES ( 17, 9, 1, 'UNDEFINED' )
INSERT INTO C_CATEGORY_LANGUAGE ( ID_CATEGORY_LANGUAGE, ID_CATEGORY, ID_LANGUAGE, DS_NAME ) VALUES ( 18, 10, 1, 'Doby 5.1' )

-- Territorios
INSERT INTO C_TERRITORY ( ID_TERRITORY, FG_ACTIVE, DT_LAST_MODIFICATION, ID_LAST_USER_MODIFIER ) VALUES ( 1, 1, '2014-03-26 12:00:00', 1 )
INSERT INTO C_TERRITORY ( ID_TERRITORY, FG_ACTIVE, DT_LAST_MODIFICATION, ID_LAST_USER_MODIFIER ) VALUES ( 2, 1, '2014-03-26 12:00:00', 1 )
INSERT INTO C_TERRITORY ( ID_TERRITORY, FG_ACTIVE, DT_LAST_MODIFICATION, ID_LAST_USER_MODIFIER ) VALUES ( 3, 1, '2014-03-26 12:00:00', 1 )

INSERT INTO C_TERRITORY_LANGUAGE ( ID_TERRITORY_LANGUAGE, ID_TERRITORY, ID_LANGUAGE, DS_NAME ) VALUES ( 1, 1, 1, 'Territory A' )
INSERT INTO C_TERRITORY_LANGUAGE ( ID_TERRITORY_LANGUAGE, ID_TERRITORY, ID_LANGUAGE, DS_NAME ) VALUES ( 2, 2, 1, 'Territory B' )
INSERT INTO C_TERRITORY_LANGUAGE ( ID_TERRITORY_LANGUAGE, ID_TERRITORY, ID_LANGUAGE, DS_NAME ) VALUES ( 3, 3, 1, 'Territory C' )
INSERT INTO C_TERRITORY_LANGUAGE ( ID_TERRITORY_LANGUAGE, ID_TERRITORY, ID_LANGUAGE, DS_NAME ) VALUES ( 4, 1, 2, 'Territorio A' )
INSERT INTO C_TERRITORY_LANGUAGE ( ID_TERRITORY_LANGUAGE, ID_TERRITORY, ID_LANGUAGE, DS_NAME ) VALUES ( 5, 2, 2, 'Territorio B' )
INSERT INTO C_TERRITORY_LANGUAGE ( ID_TERRITORY_LANGUAGE, ID_TERRITORY, ID_LANGUAGE, DS_NAME ) VALUES ( 6, 3, 2, 'Territorio C' )

--  Regiones
INSERT INTO C_REGION ( ID_REGION, ID_TERRITORY, FG_ACTIVE, DT_LAST_MODIFICATION, ID_LAST_USER_MODIFIER ) VALUES ( -1, 1, 1, '2014-03-27 12:00:00', 1)

INSERT INTO C_REGION ( ID_REGION, ID_TERRITORY, FG_ACTIVE, DT_LAST_MODIFICATION, ID_LAST_USER_MODIFIER ) VALUES ( 1, 1, 1, '2014-03-27 12:00:00', 1)
INSERT INTO C_REGION ( ID_REGION, ID_TERRITORY, FG_ACTIVE, DT_LAST_MODIFICATION, ID_LAST_USER_MODIFIER ) VALUES ( 2, 1, 1, '2014-03-27 12:00:00', 1)
INSERT INTO C_REGION ( ID_REGION, ID_TERRITORY, FG_ACTIVE, DT_LAST_MODIFICATION, ID_LAST_USER_MODIFIER ) VALUES ( 3, 1, 1, '2014-03-27 12:00:00', 1)
INSERT INTO C_REGION ( ID_REGION, ID_TERRITORY, FG_ACTIVE, DT_LAST_MODIFICATION, ID_LAST_USER_MODIFIER ) VALUES ( 4, 1, 1, '2014-03-27 12:00:00', 1)
INSERT INTO C_REGION ( ID_REGION, ID_TERRITORY, FG_ACTIVE, DT_LAST_MODIFICATION, ID_LAST_USER_MODIFIER ) VALUES ( 5, 1, 1, '2014-03-27 12:00:00', 1)
INSERT INTO C_REGION ( ID_REGION, ID_TERRITORY, FG_ACTIVE, DT_LAST_MODIFICATION, ID_LAST_USER_MODIFIER ) VALUES ( 6, 2, 1, '2014-03-27 12:00:00', 1)
INSERT INTO C_REGION ( ID_REGION, ID_TERRITORY, FG_ACTIVE, DT_LAST_MODIFICATION, ID_LAST_USER_MODIFIER ) VALUES ( 7, 2, 1, '2014-03-27 12:00:00', 1)
INSERT INTO C_REGION ( ID_REGION, ID_TERRITORY, FG_ACTIVE, DT_LAST_MODIFICATION, ID_LAST_USER_MODIFIER ) VALUES ( 8, 2, 1, '2014-03-27 12:00:00', 1)
INSERT INTO C_REGION ( ID_REGION, ID_TERRITORY, FG_ACTIVE, DT_LAST_MODIFICATION, ID_LAST_USER_MODIFIER ) VALUES ( 9, 2, 1, '2014-03-27 12:00:00', 1)
INSERT INTO C_REGION ( ID_REGION, ID_TERRITORY, FG_ACTIVE, DT_LAST_MODIFICATION, ID_LAST_USER_MODIFIER ) VALUES ( 10, 2, 1, '2014-03-27 12:00:00', 1)
INSERT INTO C_REGION ( ID_REGION, ID_TERRITORY, FG_ACTIVE, DT_LAST_MODIFICATION, ID_LAST_USER_MODIFIER ) VALUES ( 11, 3, 1, '2014-03-27 12:00:00', 1)
INSERT INTO C_REGION ( ID_REGION, ID_TERRITORY, FG_ACTIVE, DT_LAST_MODIFICATION, ID_LAST_USER_MODIFIER ) VALUES ( 12, 3, 1, '2014-03-27 12:00:00', 1)
INSERT INTO C_REGION ( ID_REGION, ID_TERRITORY, FG_ACTIVE, DT_LAST_MODIFICATION, ID_LAST_USER_MODIFIER ) VALUES ( 13, 3, 1, '2014-03-27 12:00:00', 1)
INSERT INTO C_REGION ( ID_REGION, ID_TERRITORY, FG_ACTIVE, DT_LAST_MODIFICATION, ID_LAST_USER_MODIFIER ) VALUES ( 14, 3, 1, '2014-03-27 12:00:00', 1)
INSERT INTO C_REGION ( ID_REGION, ID_TERRITORY, FG_ACTIVE, DT_LAST_MODIFICATION, ID_LAST_USER_MODIFIER ) VALUES ( 15, 3, 1, '2014-03-27 12:00:00', 1)

insert into C_REGION_LANGUAGE (ID_REGION_LANGUAGE, ID_REGION, ID_LANGUAGE, DS_NAME) values (-2, -1, 2, 'Undefined')
insert into C_REGION_LANGUAGE (ID_REGION_LANGUAGE, ID_REGION, ID_LANGUAGE, DS_NAME) values (-1, -1, 1, 'Undefined')
INSERT INTO C_REGION_LANGUAGE ( ID_REGION_LANGUAGE, ID_REGION, ID_LANGUAGE, DS_NAME ) VALUES ( 1, 1, 1, 'Region 1 ENG' )
INSERT INTO C_REGION_LANGUAGE ( ID_REGION_LANGUAGE, ID_REGION, ID_LANGUAGE, DS_NAME ) VALUES ( 2, 2, 1, 'Region 2 ENG' )
INSERT INTO C_REGION_LANGUAGE ( ID_REGION_LANGUAGE, ID_REGION, ID_LANGUAGE, DS_NAME ) VALUES ( 3, 3, 1, 'Region 3 ENG' )
INSERT INTO C_REGION_LANGUAGE ( ID_REGION_LANGUAGE, ID_REGION, ID_LANGUAGE, DS_NAME ) VALUES ( 4, 4, 1, 'Region 4 ENG' )
INSERT INTO C_REGION_LANGUAGE ( ID_REGION_LANGUAGE, ID_REGION, ID_LANGUAGE, DS_NAME ) VALUES ( 5, 5, 1, 'Region 5 ENG' )
INSERT INTO C_REGION_LANGUAGE ( ID_REGION_LANGUAGE, ID_REGION, ID_LANGUAGE, DS_NAME ) VALUES ( 6, 6, 1, 'Region 6 ENG' )
INSERT INTO C_REGION_LANGUAGE ( ID_REGION_LANGUAGE, ID_REGION, ID_LANGUAGE, DS_NAME ) VALUES ( 7, 7, 1, 'Region 7 ENG' )
INSERT INTO C_REGION_LANGUAGE ( ID_REGION_LANGUAGE, ID_REGION, ID_LANGUAGE, DS_NAME ) VALUES ( 8, 8, 1, 'Region 8 ENG' )
INSERT INTO C_REGION_LANGUAGE ( ID_REGION_LANGUAGE, ID_REGION, ID_LANGUAGE, DS_NAME ) VALUES ( 9, 9, 1, 'Region 9 ENG' )
INSERT INTO C_REGION_LANGUAGE ( ID_REGION_LANGUAGE, ID_REGION, ID_LANGUAGE, DS_NAME ) VALUES ( 10, 10, 1, 'Region 10 ENG' )
INSERT INTO C_REGION_LANGUAGE ( ID_REGION_LANGUAGE, ID_REGION, ID_LANGUAGE, DS_NAME ) VALUES ( 11, 11, 1, 'Region 11 ENG' )
INSERT INTO C_REGION_LANGUAGE ( ID_REGION_LANGUAGE, ID_REGION, ID_LANGUAGE, DS_NAME ) VALUES ( 12, 12, 1, 'Region 12 ENG' )
INSERT INTO C_REGION_LANGUAGE ( ID_REGION_LANGUAGE, ID_REGION, ID_LANGUAGE, DS_NAME ) VALUES ( 13, 13, 1, 'Region 13 ENG' )
INSERT INTO C_REGION_LANGUAGE ( ID_REGION_LANGUAGE, ID_REGION, ID_LANGUAGE, DS_NAME ) VALUES ( 14, 14, 1, 'Region 14 ENG' )
INSERT INTO C_REGION_LANGUAGE ( ID_REGION_LANGUAGE, ID_REGION, ID_LANGUAGE, DS_NAME ) VALUES ( 15, 15, 1, 'Region 15 ENG' )
INSERT INTO C_REGION_LANGUAGE ( ID_REGION_LANGUAGE, ID_REGION, ID_LANGUAGE, DS_NAME ) VALUES ( 16, 1, 2, 'Region 1 ESP' )
INSERT INTO C_REGION_LANGUAGE ( ID_REGION_LANGUAGE, ID_REGION, ID_LANGUAGE, DS_NAME ) VALUES ( 17, 2, 2, 'Region 2 ESP' )
INSERT INTO C_REGION_LANGUAGE ( ID_REGION_LANGUAGE, ID_REGION, ID_LANGUAGE, DS_NAME ) VALUES ( 18, 3, 2, 'Region 3 ESP' )
INSERT INTO C_REGION_LANGUAGE ( ID_REGION_LANGUAGE, ID_REGION, ID_LANGUAGE, DS_NAME ) VALUES ( 19, 4, 2, 'Region 4 ESP' )
INSERT INTO C_REGION_LANGUAGE ( ID_REGION_LANGUAGE, ID_REGION, ID_LANGUAGE, DS_NAME ) VALUES ( 20, 5, 2, 'Region 5 ESP' )
INSERT INTO C_REGION_LANGUAGE ( ID_REGION_LANGUAGE, ID_REGION, ID_LANGUAGE, DS_NAME ) VALUES ( 21, 6, 2, 'Region 6 ESP' )
INSERT INTO C_REGION_LANGUAGE ( ID_REGION_LANGUAGE, ID_REGION, ID_LANGUAGE, DS_NAME ) VALUES ( 22, 7, 2, 'Region 7 ESP' )
INSERT INTO C_REGION_LANGUAGE ( ID_REGION_LANGUAGE, ID_REGION, ID_LANGUAGE, DS_NAME ) VALUES ( 23, 8, 2, 'Region 8 ESP' )
INSERT INTO C_REGION_LANGUAGE ( ID_REGION_LANGUAGE, ID_REGION, ID_LANGUAGE, DS_NAME ) VALUES ( 24, 9, 2, 'Region 9 ESP' )
INSERT INTO C_REGION_LANGUAGE ( ID_REGION_LANGUAGE, ID_REGION, ID_LANGUAGE, DS_NAME ) VALUES ( 25, 10, 2, 'Region 10 ESP' )
INSERT INTO C_REGION_LANGUAGE ( ID_REGION_LANGUAGE, ID_REGION, ID_LANGUAGE, DS_NAME ) VALUES ( 26, 11, 2, 'Region 11 ESP' )
INSERT INTO C_REGION_LANGUAGE ( ID_REGION_LANGUAGE, ID_REGION, ID_LANGUAGE, DS_NAME ) VALUES ( 27, 12, 2, 'Region 12 ESP' )
INSERT INTO C_REGION_LANGUAGE ( ID_REGION_LANGUAGE, ID_REGION, ID_LANGUAGE, DS_NAME ) VALUES ( 28, 13, 2, 'Region 13 ESP' )
INSERT INTO C_REGION_LANGUAGE ( ID_REGION_LANGUAGE, ID_REGION, ID_LANGUAGE, DS_NAME ) VALUES ( 29, 14, 2, 'Region 14 ESP' )
INSERT INTO C_REGION_LANGUAGE ( ID_REGION_LANGUAGE, ID_REGION, ID_LANGUAGE, DS_NAME ) VALUES ( 30, 15, 2, 'Region 15 ESP' )

--Paises
INSERT INTO C_COUNTRY( ID_COUNTRY ,ID_VISTA, FG_ACTIVE, DT_LAST_MODIFICATION, ID_LAST_USER_MODIFIER ) VALUES (1,1001,1,'2014-03-28 12:00:00',1)
INSERT INTO C_COUNTRY( ID_COUNTRY ,ID_VISTA, FG_ACTIVE, DT_LAST_MODIFICATION, ID_LAST_USER_MODIFIER ) VALUES (2,1002,1,'2014-03-28 12:00:00',1)
INSERT INTO C_COUNTRY_LANGUAGE(ID_COUNTRY_LANGUAGE,ID_COUNTRY,ID_LANGUAGE,DS_NAME) VALUES (1,1,1,'UNITED STATES MEXICANS')
INSERT INTO C_COUNTRY_LANGUAGE(ID_COUNTRY_LANGUAGE,ID_COUNTRY,ID_LANGUAGE,DS_NAME) VALUES (2,1,2,'ESTADOS UNIDOS MEXICANOS')
INSERT INTO C_COUNTRY_LANGUAGE(ID_COUNTRY_LANGUAGE,ID_COUNTRY,ID_LANGUAGE,DS_NAME) VALUES (3,2,1,'UNITED STATES')
INSERT INTO C_COUNTRY_LANGUAGE(ID_COUNTRY_LANGUAGE,ID_COUNTRY,ID_LANGUAGE,DS_NAME) VALUES (4,2,2,'ESTADOS UNIDOS')

--Estados
INSERT INTO C_STATE(ID_STATE,ID_COUNTRY,ID_VISTA, FG_ACTIVE, DT_LAST_MODIFICATION, ID_LAST_USER_MODIFIER ) VALUES (1,1,1001,1,'2014-03-28 12:00:00',1)
INSERT INTO C_STATE(ID_STATE,ID_COUNTRY,ID_VISTA, FG_ACTIVE, DT_LAST_MODIFICATION, ID_LAST_USER_MODIFIER ) VALUES (2,1,1002,1,'2014-03-28 12:00:00',1)
INSERT INTO C_STATE(ID_STATE,ID_COUNTRY,ID_VISTA, FG_ACTIVE, DT_LAST_MODIFICATION, ID_LAST_USER_MODIFIER ) VALUES (3,1,1003,1,'2014-03-28 12:00:00',1)
INSERT INTO C_STATE(ID_STATE,ID_COUNTRY,ID_VISTA, FG_ACTIVE, DT_LAST_MODIFICATION, ID_LAST_USER_MODIFIER ) VALUES (4,2,1004,1,'2014-03-28 12:00:00',1)
INSERT INTO C_STATE(ID_STATE,ID_COUNTRY,ID_VISTA, FG_ACTIVE, DT_LAST_MODIFICATION, ID_LAST_USER_MODIFIER ) VALUES (5,2,1005,1,'2014-03-28 12:00:00',1)

INSERT INTO C_STATE_LANGUAGE (ID_STATE_LANGUAGE, ID_STATE, ID_LANGUAGE, DS_NAME) VALUES (1,1,1,'STATE 1 ENG')
INSERT INTO C_STATE_LANGUAGE (ID_STATE_LANGUAGE, ID_STATE, ID_LANGUAGE, DS_NAME) VALUES (2,1,2,'ESTADO 1 ESP')
INSERT INTO C_STATE_LANGUAGE (ID_STATE_LANGUAGE, ID_STATE, ID_LANGUAGE, DS_NAME) VALUES (3,2,1,'STATE 2 ENG')
INSERT INTO C_STATE_LANGUAGE (ID_STATE_LANGUAGE, ID_STATE, ID_LANGUAGE, DS_NAME) VALUES (4,2,2,'ESTADO 2 ESP')
INSERT INTO C_STATE_LANGUAGE (ID_STATE_LANGUAGE, ID_STATE, ID_LANGUAGE, DS_NAME) VALUES (5,3,1,'STATE 3 ENG')
INSERT INTO C_STATE_LANGUAGE (ID_STATE_LANGUAGE, ID_STATE, ID_LANGUAGE, DS_NAME) VALUES (6,3,2,'ESTADO 3 ESP')
INSERT INTO C_STATE_LANGUAGE (ID_STATE_LANGUAGE, ID_STATE, ID_LANGUAGE, DS_NAME) VALUES (7,4,1,'STATE 4 ENG')
INSERT INTO C_STATE_LANGUAGE (ID_STATE_LANGUAGE, ID_STATE, ID_LANGUAGE, DS_NAME) VALUES (8,4,2,'ESTADO 4 ESP')
INSERT INTO C_STATE_LANGUAGE (ID_STATE_LANGUAGE, ID_STATE, ID_LANGUAGE, DS_NAME) VALUES (9,5,1,'STATE 5 ENG')
INSERT INTO C_STATE_LANGUAGE (ID_STATE_LANGUAGE, ID_STATE, ID_LANGUAGE, DS_NAME) VALUES (10,5,2,'ESTADO 5 ESP')
--CIUDAD
INSERT INTO C_CITY(ID_CITY,ID_VISTA, ID_COUNTRY, FG_ACTIVE, DT_LAST_MODIFICATION, ID_LAST_USER_MODIFIER) VALUES (1,1001,1,1,'2014-03-28 12:00:00',1)
INSERT INTO C_CITY(ID_CITY,ID_VISTA, ID_COUNTRY, FG_ACTIVE, DT_LAST_MODIFICATION, ID_LAST_USER_MODIFIER) VALUES (2,1002,1,1,'2014-03-28 12:00:00',1)
INSERT INTO C_CITY(ID_CITY,ID_VISTA, ID_COUNTRY, FG_ACTIVE, DT_LAST_MODIFICATION, ID_LAST_USER_MODIFIER) VALUES (3,1003,1,1,'2014-03-28 12:00:00',1)
INSERT INTO C_CITY(ID_CITY,ID_VISTA, ID_COUNTRY, FG_ACTIVE, DT_LAST_MODIFICATION, ID_LAST_USER_MODIFIER) VALUES (4,1004,1,1,'2014-03-28 12:00:00',1)
INSERT INTO C_CITY_LANGUAGE(ID_CITY_INTERNATIONALIZATION,ID_CITY,ID_LANGUAGE,DS_NAME) VALUES (1,1,1,'CITY 1 ENG')
INSERT INTO C_CITY_LANGUAGE(ID_CITY_INTERNATIONALIZATION,ID_CITY,ID_LANGUAGE,DS_NAME) VALUES (2,1,2,'CITY 1 ESP')
INSERT INTO C_CITY_LANGUAGE(ID_CITY_INTERNATIONALIZATION,ID_CITY,ID_LANGUAGE,DS_NAME) VALUES (3,2,1,'CITY 2 ENG')
INSERT INTO C_CITY_LANGUAGE(ID_CITY_INTERNATIONALIZATION,ID_CITY,ID_LANGUAGE,DS_NAME) VALUES (4,2,2,'CITY 2 ESP')
INSERT INTO C_CITY_LANGUAGE(ID_CITY_INTERNATIONALIZATION,ID_CITY,ID_LANGUAGE,DS_NAME) VALUES (5,3,1,'CITY 3 ENG')
INSERT INTO C_CITY_LANGUAGE(ID_CITY_INTERNATIONALIZATION,ID_CITY,ID_LANGUAGE,DS_NAME) VALUES (6,3,2,'CITY 3 ESP')
INSERT INTO C_CITY_LANGUAGE(ID_CITY_INTERNATIONALIZATION,ID_CITY,ID_LANGUAGE,DS_NAME) VALUES (7,4,1,'CITY 4 ENG')
INSERT INTO C_CITY_LANGUAGE(ID_CITY_INTERNATIONALIZATION,ID_CITY,ID_LANGUAGE,DS_NAME) VALUES (8,4,2,'CITY 5 ESP')

-- Correo de cines
INSERT INTO K_EMAIL(ID_EMAIL,ID_PERSON,DS_EMAIL) VALUES (10, null, 'theater1@email.com')
INSERT INTO K_EMAIL(ID_EMAIL,ID_PERSON,DS_EMAIL) VALUES (11, null, 'theater2@email.com')
INSERT INTO K_EMAIL(ID_EMAIL,ID_PERSON,DS_EMAIL) VALUES (12, null, 'theater3@email.com')

--CINES
INSERT INTO C_THEATER (ID_THEATER ,ID_REGION,ID_CITY,ID_STATE,ID_VISTA, NU_THEATER, DS_TELEPHONE,FG_ACTIVE,DT_LAST_MODIFICATION,ID_LAST_USER_MODIFIER, ID_EMAIL) VALUES (1,1,1,1,1001,1,'1234',1,'2014-03-28 12:00:00',1,10)
INSERT INTO C_THEATER (ID_THEATER ,ID_REGION,ID_CITY,ID_STATE,ID_VISTA, NU_THEATER, DS_TELEPHONE,FG_ACTIVE,DT_LAST_MODIFICATION,ID_LAST_USER_MODIFIER, ID_EMAIL) VALUES (2,2,2,2,1002,2,'12345',1,'2014-03-28 12:00:00',1,11)
INSERT INTO C_THEATER (ID_THEATER ,ID_REGION,ID_CITY,ID_STATE,ID_VISTA, NU_THEATER, DS_TELEPHONE,FG_ACTIVE,DT_LAST_MODIFICATION,ID_LAST_USER_MODIFIER, ID_EMAIL) VALUES (3,1,1,1,1003,3,'123456',1,'2014-03-28 12:00:00',1,12)
INSERT INTO C_THEATER (ID_THEATER ,ID_REGION,ID_CITY,ID_STATE,ID_VISTA, NU_THEATER, DS_TELEPHONE,FG_ACTIVE,DT_LAST_MODIFICATION,ID_LAST_USER_MODIFIER, ID_EMAIL) VALUES (4,1,2,1,1004,4,'1234567',1,'2014-03-28 12:00:00',1,null)
INSERT INTO C_THEATER (ID_THEATER ,ID_REGION,ID_CITY,ID_STATE,ID_VISTA, NU_THEATER, DS_TELEPHONE,FG_ACTIVE,DT_LAST_MODIFICATION,ID_LAST_USER_MODIFIER) VALUES (5,1,2,1,1005,5,'12345678',1,'2014-03-28 12:00:00',1)
INSERT INTO C_THEATER (ID_THEATER ,ID_REGION,ID_CITY,ID_STATE,ID_VISTA, NU_THEATER, DS_TELEPHONE,FG_ACTIVE,DT_LAST_MODIFICATION,ID_LAST_USER_MODIFIER) VALUES (6,1,2,1,1006,6,'123456789',1,'2014-03-28 12:00:00',1)

INSERT INTO C_THEATER_LANGUAGE(ID_THEATER_LANGUAGE,ID_LANGUAGE,DS_NAME,ID_THEATER) VALUES (1,1,'THEATER 1 ENG',1)
INSERT INTO C_THEATER_LANGUAGE(ID_THEATER_LANGUAGE,ID_LANGUAGE,DS_NAME,ID_THEATER) VALUES (2,2,'THEATER 1 ESP',1)
INSERT INTO C_THEATER_LANGUAGE(ID_THEATER_LANGUAGE,ID_LANGUAGE,DS_NAME,ID_THEATER) VALUES (3,1,'THEATER 2 ENG',2)
INSERT INTO C_THEATER_LANGUAGE(ID_THEATER_LANGUAGE,ID_LANGUAGE,DS_NAME,ID_THEATER) VALUES (4,2,'THEATER 2 ESP',2)
INSERT INTO C_THEATER_LANGUAGE(ID_THEATER_LANGUAGE,ID_LANGUAGE,DS_NAME,ID_THEATER) VALUES (5,1,'THEATER 3 ENG',3)
INSERT INTO C_THEATER_LANGUAGE(ID_THEATER_LANGUAGE,ID_LANGUAGE,DS_NAME,ID_THEATER) VALUES (6,2,'THEATER 3 ESP',3)
INSERT INTO C_THEATER_LANGUAGE(ID_THEATER_LANGUAGE,ID_LANGUAGE,DS_NAME,ID_THEATER) VALUES (7,1,'THEATER 4 ENG',4)
INSERT INTO C_THEATER_LANGUAGE(ID_THEATER_LANGUAGE,ID_LANGUAGE,DS_NAME,ID_THEATER) VALUES (8,2,'THEATER 4 ESP',4)
INSERT INTO C_THEATER_LANGUAGE(ID_THEATER_LANGUAGE,ID_LANGUAGE,DS_NAME,ID_THEATER) VALUES (9,1,'THEATER 5 ESP',5)
INSERT INTO C_THEATER_LANGUAGE(ID_THEATER_LANGUAGE,ID_LANGUAGE,DS_NAME,ID_THEATER) VALUES (10,2,'THEATER 5 ENG',5)
INSERT INTO C_THEATER_LANGUAGE(ID_THEATER_LANGUAGE,ID_LANGUAGE,DS_NAME,ID_THEATER) VALUES (11,1,'THEATER 6 ESP',6)
INSERT INTO C_THEATER_LANGUAGE(ID_THEATER_LANGUAGE,ID_LANGUAGE,DS_NAME,ID_THEATER) VALUES (12,2,'THEATER 6 ENG',6)

--Pantallas
INSERT INTO C_SCREEN(ID_SCREEN,ID_THEATER,ID_VISTA, NU_SCREEN,NU_CAPACITY,FG_ACTIVE,DT_LAST_MODIFICATION,ID_LAST_USER_MODIFIER) VALUES (1,1,1001,1,100,1,'2014-03-28 12:00:00',1)
INSERT INTO C_SCREEN(ID_SCREEN,ID_THEATER,ID_VISTA, NU_SCREEN,NU_CAPACITY,FG_ACTIVE,DT_LAST_MODIFICATION,ID_LAST_USER_MODIFIER) VALUES (2,1,1002,2,100,1,'2014-03-28 12:00:00',1)
INSERT INTO C_SCREEN(ID_SCREEN,ID_THEATER,ID_VISTA, NU_SCREEN,NU_CAPACITY,FG_ACTIVE,DT_LAST_MODIFICATION,ID_LAST_USER_MODIFIER) VALUES (3,1,1003,3,100,1,'2014-03-28 12:00:00',1)
INSERT INTO C_SCREEN(ID_SCREEN,ID_THEATER,ID_VISTA, NU_SCREEN,NU_CAPACITY,FG_ACTIVE,DT_LAST_MODIFICATION,ID_LAST_USER_MODIFIER) VALUES (4,2,1004,1,100,1,'2014-03-28 12:00:00',1)
INSERT INTO C_SCREEN(ID_SCREEN,ID_THEATER,ID_VISTA, NU_SCREEN,NU_CAPACITY,FG_ACTIVE,DT_LAST_MODIFICATION,ID_LAST_USER_MODIFIER) VALUES (5,2,1005,2,100,1,'2014-03-28 12:00:00',1)
INSERT INTO C_SCREEN(ID_SCREEN,ID_THEATER,ID_VISTA, NU_SCREEN,NU_CAPACITY,FG_ACTIVE,DT_LAST_MODIFICATION,ID_LAST_USER_MODIFIER) VALUES (6,2,1006,3,100,1,'2014-03-28 12:00:00',1)

-- CATEGORIAS POR PANTALLA
INSERT INTO C_SCREEN_X_CATEGORY(ID_SCREEN,ID_CATEGORY)VALUES(1,1)
INSERT INTO C_SCREEN_X_CATEGORY(ID_SCREEN,ID_CATEGORY)VALUES(1,3)
INSERT INTO C_SCREEN_X_CATEGORY(ID_SCREEN,ID_CATEGORY)VALUES(2,1)
INSERT INTO C_SCREEN_X_CATEGORY(ID_SCREEN,ID_CATEGORY)VALUES(2,3)
INSERT INTO C_SCREEN_X_CATEGORY(ID_SCREEN,ID_CATEGORY)VALUES(3,1)
INSERT INTO C_SCREEN_X_CATEGORY(ID_SCREEN,ID_CATEGORY)VALUES(3,3)
INSERT INTO C_SCREEN_X_CATEGORY(ID_SCREEN,ID_CATEGORY)VALUES(4,1)
INSERT INTO C_SCREEN_X_CATEGORY(ID_SCREEN,ID_CATEGORY)VALUES(4,3)
INSERT INTO C_SCREEN_X_CATEGORY(ID_SCREEN,ID_CATEGORY)VALUES(5,1)
INSERT INTO C_SCREEN_X_CATEGORY(ID_SCREEN,ID_CATEGORY)VALUES(5,3)
INSERT INTO C_SCREEN_X_CATEGORY(ID_SCREEN,ID_CATEGORY)VALUES(6,1)
INSERT INTO C_SCREEN_X_CATEGORY(ID_SCREEN,ID_CATEGORY)VALUES(6,3)
INSERT INTO C_SCREEN_X_CATEGORY(ID_SCREEN,ID_CATEGORY)VALUES(1,6)
INSERT INTO C_SCREEN_X_CATEGORY(ID_SCREEN,ID_CATEGORY)VALUES(1,7)
INSERT INTO C_SCREEN_X_CATEGORY(ID_SCREEN,ID_CATEGORY)VALUES(2,7)
INSERT INTO C_SCREEN_X_CATEGORY(ID_SCREEN,ID_CATEGORY)VALUES(3,8)
INSERT INTO C_SCREEN_X_CATEGORY(ID_SCREEN,ID_CATEGORY)VALUES(4,7)
INSERT INTO C_SCREEN_X_CATEGORY(ID_SCREEN,ID_CATEGORY)VALUES(5,7)
INSERT INTO C_SCREEN_X_CATEGORY(ID_SCREEN,ID_CATEGORY)VALUES(6,8)


 --- Tipos de eventos
INSERT INTO C_EVENT_TYPE ( ID_EVENT_TYPE ) VALUES ( 1 )
INSERT INTO C_EVENT_TYPE ( ID_EVENT_TYPE ) VALUES ( 2 )
INSERT INTO C_EVENT_TYPE ( ID_EVENT_TYPE ) VALUES ( 3 )

INSERT INTO C_EVENT_TYPE_LANGUAGE ( ID_EVENT_TYPE_LANGUAGE, ID_EVENT_TYPE, ID_LANGUAGE, DS_NAME ) VALUES ( 1, 1, 1, 'Movie' )
INSERT INTO C_EVENT_TYPE_LANGUAGE ( ID_EVENT_TYPE_LANGUAGE, ID_EVENT_TYPE, ID_LANGUAGE, DS_NAME ) VALUES ( 2, 2, 1, 'Special event' )
INSERT INTO C_EVENT_TYPE_LANGUAGE ( ID_EVENT_TYPE_LANGUAGE, ID_EVENT_TYPE, ID_LANGUAGE, DS_NAME ) VALUES ( 3, 3, 1, 'Movie Trailer' )
INSERT INTO C_EVENT_TYPE_LANGUAGE ( ID_EVENT_TYPE_LANGUAGE, ID_EVENT_TYPE, ID_LANGUAGE, DS_NAME ) VALUES ( 4, 1, 2, 'Película' )
INSERT INTO C_EVENT_TYPE_LANGUAGE ( ID_EVENT_TYPE_LANGUAGE, ID_EVENT_TYPE, ID_LANGUAGE, DS_NAME ) VALUES ( 5, 2, 2, 'Evento Especial' )
INSERT INTO C_EVENT_TYPE_LANGUAGE ( ID_EVENT_TYPE_LANGUAGE, ID_EVENT_TYPE, ID_LANGUAGE, DS_NAME ) VALUES ( 6, 3, 2, 'Avance de película' )

-- Peliculas
INSERT INTO K_EVENT ( ID_EVENT, ID_EVENT_TYPE, ID_VISTA, DS_NAME, DS_CODE_DBS, QT_DURATION, QT_COPY, FG_PREMIERE, FG_ACTIVE, DT_LAST_MODIFICATION, ID_LAST_USER_MODIFIER, FG_CURRENT, FG_PRERELEASE, FG_FESTIVAL, FG_ACTIVE_IA, FG_ALTERNATE_CONTENT) VALUES ( 1, 1, 1001, 'Capitán América y El Soldado del Invierno Dig Sub', '10001', 136, 10, 0, 1, '2014-03-31', 1, 1, 0, 0, 0, 0 )
INSERT INTO K_EVENT ( ID_EVENT, ID_EVENT_TYPE, ID_VISTA, DS_NAME, DS_CODE_DBS, QT_DURATION, QT_COPY, FG_PREMIERE, FG_ACTIVE, DT_LAST_MODIFICATION, ID_LAST_USER_MODIFIER, FG_CURRENT, FG_PRERELEASE, FG_FESTIVAL, FG_ACTIVE_IA, FG_ALTERNATE_CONTENT) VALUES ( 2, 1, 1002, 'Capitán América y El Soldado del Invierno 3D Sub', '10002', 136, 10, 0, 1, '2014-03-31', 1, 1, 0, 0, 0, 0  )
INSERT INTO K_EVENT ( ID_EVENT, ID_EVENT_TYPE, ID_VISTA, DS_NAME, DS_CODE_DBS, QT_DURATION, QT_COPY, FG_PREMIERE, FG_ACTIVE, DT_LAST_MODIFICATION, ID_LAST_USER_MODIFIER, FG_CURRENT, FG_PRERELEASE, FG_FESTIVAL, FG_ACTIVE_IA, FG_ALTERNATE_CONTENT) VALUES ( 3, 1, 1003, 'Capitán América y El Soldado del Invierno IMAX Sub', '10003', 136, 10, 0, 1, '2014-03-31', 1, 1, 0, 0, 0, 0  )
INSERT INTO K_EVENT ( ID_EVENT, ID_EVENT_TYPE, ID_VISTA, DS_NAME, DS_CODE_DBS, QT_DURATION, QT_COPY, FG_PREMIERE, FG_ACTIVE, DT_LAST_MODIFICATION, ID_LAST_USER_MODIFIER, FG_CURRENT, FG_PRERELEASE, FG_FESTIVAL, FG_ACTIVE_IA, FG_ALTERNATE_CONTENT) VALUES ( 4, 1, 1004, '300: El Nacimiento de un Imperio Dig Sub', '10004', 102, 10, 1, 1, '2014-03-31', 1, 1, 0, 0, 0, 0  )
INSERT INTO K_EVENT ( ID_EVENT, ID_EVENT_TYPE, ID_VISTA, DS_NAME, DS_CODE_DBS, QT_DURATION, QT_COPY, FG_PREMIERE, FG_ACTIVE, DT_LAST_MODIFICATION, ID_LAST_USER_MODIFIER, FG_CURRENT, FG_PRERELEASE, FG_FESTIVAL, FG_ACTIVE_IA, FG_ALTERNATE_CONTENT) VALUES ( 5, 1, 1005, '300: El Nacimiento de un Imperio 3D Sub', '10005', 102, 10, 1, 1, '2014-03-31', 1, 1, 0, 0, 0, 0  )
INSERT INTO K_EVENT ( ID_EVENT, ID_EVENT_TYPE, ID_VISTA, DS_NAME, DS_CODE_DBS, QT_DURATION, QT_COPY, FG_PREMIERE, FG_ACTIVE, DT_LAST_MODIFICATION, ID_LAST_USER_MODIFIER, FG_CURRENT, FG_PRERELEASE, FG_FESTIVAL, FG_ACTIVE_IA, FG_ALTERNATE_CONTENT) VALUES ( 6, 1, 1006, '300: El Nacimiento de un Imperio IMAX Sub', '10006', 102, 10, 1, 1, '2014-03-31', 1, 1, 0, 0, 0, 0  )
INSERT INTO K_EVENT ( ID_EVENT, ID_EVENT_TYPE, ID_VISTA, DS_NAME, DS_CODE_DBS, QT_DURATION, QT_COPY, FG_PREMIERE, FG_ACTIVE, DT_LAST_MODIFICATION, ID_LAST_USER_MODIFIER, FG_CURRENT, FG_PRERELEASE, FG_FESTIVAL, FG_ACTIVE_IA, FG_ALTERNATE_CONTENT) VALUES ( 7, 1, 1007, 'Noé Dig Sub', '10007', 138, 10, 1, 1, '2014-03-31', 1, 1, 0, 0, 0, 0 )
INSERT INTO K_EVENT ( ID_EVENT, ID_EVENT_TYPE, ID_VISTA, DS_NAME, DS_CODE_DBS, QT_DURATION, QT_COPY, FG_PREMIERE, FG_ACTIVE, DT_LAST_MODIFICATION, ID_LAST_USER_MODIFIER, FG_CURRENT, FG_PRERELEASE, FG_FESTIVAL, FG_ACTIVE_IA, FG_ALTERNATE_CONTENT) VALUES ( 8, 1, 1008, 'Noé 3D Sub', '10008', 138, 10, 1, 1, '2014-03-31',  1, 1, 0, 0, 0, 0 )
INSERT INTO K_EVENT ( ID_EVENT, ID_EVENT_TYPE, ID_VISTA, DS_NAME, DS_CODE_DBS, QT_DURATION, QT_COPY, FG_PREMIERE, FG_ACTIVE, DT_LAST_MODIFICATION, ID_LAST_USER_MODIFIER, FG_CURRENT, FG_PRERELEASE, FG_FESTIVAL, FG_ACTIVE_IA, FG_ALTERNATE_CONTENT) VALUES ( 9, 1, 1009, 'Noé IMAX Sub', '10009', 138, 10, 1, 1, '2014-03-31', 1, 1, 0, 0, 0, 0  )
INSERT INTO K_EVENT ( ID_EVENT, ID_EVENT_TYPE, ID_VISTA, DS_NAME, DS_CODE_DBS, QT_DURATION, QT_COPY, FG_PREMIERE, FG_ACTIVE, DT_LAST_MODIFICATION, ID_LAST_USER_MODIFIER, FG_CURRENT, FG_PRERELEASE, FG_FESTIVAL, FG_ACTIVE_IA, FG_ALTERNATE_CONTENT) VALUES ( 10, 1, 1010, 'X-Men Dig 2D', '1010', 138, 10, 1, 1, '2014-06-27', 1, 1, 0, 0, 0, 0 )
INSERT INTO K_EVENT ( ID_EVENT, ID_EVENT_TYPE, ID_VISTA, DS_NAME, DS_CODE_DBS, QT_DURATION, QT_COPY, FG_PREMIERE, FG_ACTIVE, DT_LAST_MODIFICATION, ID_LAST_USER_MODIFIER, FG_CURRENT, FG_PRERELEASE, FG_FESTIVAL, FG_ACTIVE_IA, FG_ALTERNATE_CONTENT) VALUES ( 11, 1, 1010, 'X-Men Dig 2D', '1010', 138, 10, 1, 0, '2014-06-27', 1, 1, 0, 0, 0, 0 )
INSERT INTO K_EVENT ( ID_EVENT, ID_EVENT_TYPE, ID_VISTA, DS_NAME, DS_CODE_DBS, QT_DURATION, QT_COPY, FG_PREMIERE, FG_ACTIVE, DT_LAST_MODIFICATION, ID_LAST_USER_MODIFIER, FG_CURRENT, FG_PRERELEASE, FG_FESTIVAL, FG_ACTIVE_IA, FG_ALTERNATE_CONTENT) VALUES ( 12, 1, 1010, 'X-Men Dig 2D', '1010', 138, 10, 1, 0, '2014-06-27', 1, 1, 0, 0, 0, 0 )
INSERT INTO K_EVENT ( ID_EVENT, ID_EVENT_TYPE, ID_VISTA, DS_NAME, DS_CODE_DBS, QT_DURATION, QT_COPY, FG_PREMIERE, FG_ACTIVE, DT_LAST_MODIFICATION, ID_LAST_USER_MODIFIER, FG_CURRENT, FG_PRERELEASE, FG_FESTIVAL, FG_ACTIVE_IA, FG_ALTERNATE_CONTENT) VALUES ( 13, 2, 1014, 'Documental',   '1014', 138, 10, 1, 0, '2014-06-27', 1, 1, 0, 0, 0, 0 )
INSERT INTO K_EVENT ( ID_EVENT, ID_EVENT_TYPE, ID_VISTA, DS_NAME, DS_CODE_DBS, QT_DURATION, QT_COPY, FG_PREMIERE, FG_ACTIVE, DT_LAST_MODIFICATION, ID_LAST_USER_MODIFIER, FG_CURRENT, FG_PRERELEASE, FG_FESTIVAL, FG_ACTIVE_IA, FG_ALTERNATE_CONTENT) VALUES ( 14, 1, 5678, 'LA DAMA DE NEGRO 2 DIG SUB', '5678', 120, 1, 1, 1, '2015-02-18', 1, 1, 1, 0, 0, 0)
INSERT INTO K_EVENT ( ID_EVENT, ID_EVENT_TYPE, ID_VISTA, DS_NAME, DS_CODE_DBS, QT_DURATION, QT_COPY, FG_PREMIERE, FG_ACTIVE, DT_LAST_MODIFICATION, ID_LAST_USER_MODIFIER, FG_CURRENT, FG_PRERELEASE, FG_FESTIVAL, FG_ACTIVE_IA, FG_ALTERNATE_CONTENT) VALUES ( 15, 1, 5679, 'LA DAMA DE NEGRO 2 4DX/2D ESP', '5679', 120, 1, 1, 1, '2015-02-18', 1, 1, 1, 0, 0, 0)
INSERT INTO K_EVENT ( ID_EVENT, ID_EVENT_TYPE, ID_VISTA, DS_NAME, DS_CODE_DBS, QT_DURATION, QT_COPY, FG_PREMIERE, FG_ACTIVE, DT_LAST_MODIFICATION, ID_LAST_USER_MODIFIER, FG_CURRENT, FG_PRERELEASE, FG_FESTIVAL, FG_ACTIVE_IA, FG_ALTERNATE_CONTENT) VALUES ( 16, 1, 5680, 'LA DAMA DE NEGRO 2 DIG ESP', '5680', 120, 1, 1, 1, '2015-02-18', 1, 1, 1, 0, 0, 0)
INSERT INTO K_EVENT ( ID_EVENT, ID_EVENT_TYPE, ID_VISTA, DS_NAME, DS_CODE_DBS, QT_DURATION, QT_COPY, FG_PREMIERE, FG_ACTIVE, DT_LAST_MODIFICATION, ID_LAST_USER_MODIFIER, FG_CURRENT, FG_PRERELEASE, FG_FESTIVAL, FG_ACTIVE_IA, FG_ALTERNATE_CONTENT) VALUES ( 17, 1, 5681, 'LA DAMA DE NEGRO 2 XE DIG ESP', '5681', 120, 1, 1, 1, '2015-02-18', 1, 1, 1, 0, 0, 0)

--Categorias
INSERT INTO K_EVENT_X_CATEGORY ( ID_EVENT, ID_CATEGORY ) VALUES ( 1, 6 )
INSERT INTO K_EVENT_X_CATEGORY ( ID_EVENT, ID_CATEGORY ) VALUES ( 1, 2 )
INSERT INTO K_EVENT_X_CATEGORY ( ID_EVENT, ID_CATEGORY ) VALUES ( 2, 4 )
INSERT INTO K_EVENT_X_CATEGORY ( ID_EVENT, ID_CATEGORY ) VALUES ( 2, 2 )
INSERT INTO K_EVENT_X_CATEGORY ( ID_EVENT, ID_CATEGORY ) VALUES ( 3, 4 )
INSERT INTO K_EVENT_X_CATEGORY ( ID_EVENT, ID_CATEGORY ) VALUES ( 3, 1 )
INSERT INTO K_EVENT_X_CATEGORY ( ID_EVENT, ID_CATEGORY ) VALUES ( 4, 6 )
INSERT INTO K_EVENT_X_CATEGORY ( ID_EVENT, ID_CATEGORY ) VALUES ( 4, 2 )
INSERT INTO K_EVENT_X_CATEGORY ( ID_EVENT, ID_CATEGORY ) VALUES ( 5, 4 )
INSERT INTO K_EVENT_X_CATEGORY ( ID_EVENT, ID_CATEGORY ) VALUES ( 5, 2 )
INSERT INTO K_EVENT_X_CATEGORY ( ID_EVENT, ID_CATEGORY ) VALUES ( 6, 4 )
INSERT INTO K_EVENT_X_CATEGORY ( ID_EVENT, ID_CATEGORY ) VALUES ( 6, 1 )
INSERT INTO K_EVENT_X_CATEGORY ( ID_EVENT, ID_CATEGORY ) VALUES ( 7, 6 )
INSERT INTO K_EVENT_X_CATEGORY ( ID_EVENT, ID_CATEGORY ) VALUES ( 7, 2 )
INSERT INTO K_EVENT_X_CATEGORY ( ID_EVENT, ID_CATEGORY ) VALUES ( 8, 4 )
INSERT INTO K_EVENT_X_CATEGORY ( ID_EVENT, ID_CATEGORY ) VALUES ( 8, 2 )
INSERT INTO K_EVENT_X_CATEGORY ( ID_EVENT, ID_CATEGORY ) VALUES ( 9, 4 )
INSERT INTO K_EVENT_X_CATEGORY ( ID_EVENT, ID_CATEGORY ) VALUES ( 9, 1 )
INSERT INTO K_EVENT_X_CATEGORY ( ID_EVENT, ID_CATEGORY ) VALUES ( 14, 2 )
INSERT INTO K_EVENT_X_CATEGORY ( ID_EVENT, ID_CATEGORY ) VALUES ( 14, 1 )
INSERT INTO K_EVENT_X_CATEGORY ( ID_EVENT, ID_CATEGORY ) VALUES ( 15, 5 )
INSERT INTO K_EVENT_X_CATEGORY ( ID_EVENT, ID_CATEGORY ) VALUES ( 15, 1 )
INSERT INTO K_EVENT_X_CATEGORY ( ID_EVENT, ID_CATEGORY ) VALUES ( 16, 3 )
INSERT INTO K_EVENT_X_CATEGORY ( ID_EVENT, ID_CATEGORY ) VALUES ( 16, 1 )
INSERT INTO K_EVENT_X_CATEGORY ( ID_EVENT, ID_CATEGORY ) VALUES ( 17, 4 )
INSERT INTO K_EVENT_X_CATEGORY ( ID_EVENT, ID_CATEGORY ) VALUES ( 17, 1 )

--Imagenes
INSERT INTO K_MOVIE_IMAGE ( ID_MOVIE_IMAGE, DS_IMAGE, DS_FILE ) VALUES ( 1, 'capitan.jpg', '0123456789ABCDEF' )
INSERT INTO K_MOVIE_IMAGE ( ID_MOVIE_IMAGE, DS_IMAGE, DS_FILE ) VALUES ( 2, '300.jpg', '0123456789ABCDEF' )
INSERT INTO K_MOVIE_IMAGE ( ID_MOVIE_IMAGE, DS_IMAGE, DS_FILE ) VALUES ( 3, 'noe.jpg', '0123456789ABCDEF' )
INSERT INTO K_MOVIE_IMAGE ( ID_MOVIE_IMAGE, DS_IMAGE, DS_FILE ) VALUES ( 4, 'capitan.jpg', '0123456789ABCDEF' )
INSERT INTO K_MOVIE_IMAGE ( ID_MOVIE_IMAGE, DS_IMAGE, DS_FILE ) VALUES ( 5, '300.jpg', '0123456789ABCDEF' )
INSERT INTO K_MOVIE_IMAGE ( ID_MOVIE_IMAGE, DS_IMAGE, DS_FILE ) VALUES ( 6, 'noe.jpg', '0123456789ABCDEF' )
INSERT INTO K_MOVIE_IMAGE ( ID_MOVIE_IMAGE, DS_IMAGE, DS_FILE ) VALUES ( 7, '300.jpg', '0123456789ABCDEF' )
INSERT INTO K_MOVIE_IMAGE ( ID_MOVIE_IMAGE, DS_IMAGE, DS_FILE ) VALUES ( 8, 'noe.jpg', '0123456789ABCDEF' )
INSERT INTO K_MOVIE_IMAGE ( ID_MOVIE_IMAGE, DS_IMAGE, DS_FILE ) VALUES ( 9, 'la-dama-de-negro-2.jpg', '0123456789ABCDEF' )
INSERT INTO K_MOVIE_IMAGE ( ID_MOVIE_IMAGE, DS_IMAGE, DS_FILE ) VALUES ( 10, 'la-dama-de-negro-2.jpg', '0123456789ABCDEF' )
INSERT INTO K_MOVIE_IMAGE ( ID_MOVIE_IMAGE, DS_IMAGE, DS_FILE ) VALUES ( 11, 'la-dama-de-negro-2.jpg', '0123456789ABCDEF' )
INSERT INTO K_MOVIE_IMAGE ( ID_MOVIE_IMAGE, DS_IMAGE, DS_FILE ) VALUES ( 12, 'la-dama-de-negro-2.jpg', '0123456789ABCDEF' )

--Datos de peliculas
INSERT INTO K_EVENT_MOVIE ( ID_EVENT_MOVIE, ID_EVENT, ID_DISTRIBUTOR, ID_MOVIE_IMAGE, DT_RELEASE, DS_DIRECTOR, DS_SYNOPSIS, DS_RATING, DS_SCRIPT, DS_ACTOR, DS_GENRE, DS_URL) VALUES ( 1, 1, 1, 1, '2014-03-28', 'Director', 'Synopsis', 'B', 'Script', 'Actors', 'Epic', 'http://www.google.com/' )
INSERT INTO K_EVENT_MOVIE ( ID_EVENT_MOVIE, ID_EVENT, ID_DISTRIBUTOR, ID_MOVIE_IMAGE, DT_RELEASE, DS_DIRECTOR, DS_SYNOPSIS, DS_RATING, DS_SCRIPT, DS_ACTOR, DS_GENRE, DS_URL) VALUES ( 2, 2, 1, 2, '2014-03-28', 'Director', 'Synopsis', 'B', 'Script', 'Actors', 'Epic', 'http://www.google.com/' )
INSERT INTO K_EVENT_MOVIE ( ID_EVENT_MOVIE, ID_EVENT, ID_DISTRIBUTOR, ID_MOVIE_IMAGE, DT_RELEASE, DS_DIRECTOR, DS_SYNOPSIS, DS_RATING, DS_SCRIPT, DS_ACTOR, DS_GENRE, DS_URL) VALUES ( 3, 3, 1, 3, '2014-03-28', 'Director', 'Synopsis', 'B', 'Script', 'Actors', 'Epic', 'http://www.google.com/' )
INSERT INTO K_EVENT_MOVIE ( ID_EVENT_MOVIE, ID_EVENT, ID_DISTRIBUTOR, ID_MOVIE_IMAGE, DT_RELEASE, DS_DIRECTOR, DS_SYNOPSIS, DS_RATING, DS_SCRIPT, DS_ACTOR, DS_GENRE, DS_URL) VALUES ( 4, 10, 12, 4, '2014-06-27', 'Director', 'Synopsis', 'B', 'Script', 'Actors', 'Epic', 'http://www.google.com/' )
INSERT INTO K_EVENT_MOVIE ( ID_EVENT_MOVIE, ID_EVENT, ID_DISTRIBUTOR, ID_MOVIE_IMAGE, DT_RELEASE, DS_DIRECTOR, DS_SYNOPSIS, DS_RATING, DS_SCRIPT, DS_ACTOR, DS_GENRE, DS_URL) VALUES ( 5, 11, 12, 5, '2014-06-27', 'Director', 'Synopsis', 'B', 'Script', 'Actors', 'Epic', 'http://www.google.com/' )
INSERT INTO K_EVENT_MOVIE ( ID_EVENT_MOVIE, ID_EVENT, ID_DISTRIBUTOR, ID_MOVIE_IMAGE, DT_RELEASE, DS_DIRECTOR, DS_SYNOPSIS, DS_RATING, DS_SCRIPT, DS_ACTOR, DS_GENRE, DS_URL) VALUES ( 6, 6, 12, 6, '2014-06-27', 'Director', 'Synopsis', 'B', 'Script', 'Actors', 'Epic', 'http://www.google.com/' )
INSERT INTO K_EVENT_MOVIE ( ID_EVENT_MOVIE, ID_EVENT, ID_DISTRIBUTOR, ID_MOVIE_IMAGE, DT_RELEASE, DS_DIRECTOR, DS_SYNOPSIS, DS_RATING, DS_SCRIPT, DS_ACTOR, DS_GENRE, DS_URL) VALUES ( 7, 7, 12, 7, '2014-06-27', 'Director', 'Synopsis', 'B', 'Script', 'Actors', 'Epic', 'http://www.google.com/' )
INSERT INTO K_EVENT_MOVIE ( ID_EVENT_MOVIE, ID_EVENT, ID_DISTRIBUTOR, ID_MOVIE_IMAGE, DT_RELEASE, DS_DIRECTOR, DS_SYNOPSIS, DS_RATING, DS_SCRIPT, DS_ACTOR, DS_GENRE, DS_URL) VALUES ( 8, 13, 12, 8, '2014-06-27', 'Director', 'Synopsis', 'B', 'Script', 'Actors', 'Epic', 'http://www.google.com/' )
INSERT INTO K_EVENT_MOVIE ( ID_EVENT_MOVIE, ID_EVENT, ID_DISTRIBUTOR, ID_MOVIE_IMAGE, DT_RELEASE, DS_DIRECTOR, DS_SYNOPSIS, DS_RATING, DS_SCRIPT, DS_ACTOR, DS_GENRE, DS_URL) VALUES ( 9, 14, 9, 9, '2015-01-05', 'Director', 'Synopsis', 'B', 'Script', 'Actors', 'Epic', 'http://www.google.com/' )
INSERT INTO K_EVENT_MOVIE ( ID_EVENT_MOVIE, ID_EVENT, ID_DISTRIBUTOR, ID_MOVIE_IMAGE, DT_RELEASE, DS_DIRECTOR, DS_SYNOPSIS, DS_RATING, DS_SCRIPT, DS_ACTOR, DS_GENRE, DS_URL) VALUES ( 10, 15, 9, 10, '2015-01-05', 'Director', 'Synopsis', 'B', 'Script', 'Actors', 'Epic', 'http://www.google.com/' )
INSERT INTO K_EVENT_MOVIE ( ID_EVENT_MOVIE, ID_EVENT, ID_DISTRIBUTOR, ID_MOVIE_IMAGE, DT_RELEASE, DS_DIRECTOR, DS_SYNOPSIS, DS_RATING, DS_SCRIPT, DS_ACTOR, DS_GENRE, DS_URL) VALUES ( 11, 16, 9, 11, '2015-01-05', 'Director', 'Synopsis', 'B', 'Script', 'Actors', 'Epic', 'http://www.google.com/' )
INSERT INTO K_EVENT_MOVIE ( ID_EVENT_MOVIE, ID_EVENT, ID_DISTRIBUTOR, ID_MOVIE_IMAGE, DT_RELEASE, DS_DIRECTOR, DS_SYNOPSIS, DS_RATING, DS_SCRIPT, DS_ACTOR, DS_GENRE, DS_URL) VALUES ( 12, 17, 9, 12, '2015-01-05', 'Director', 'Synopsis', 'B', 'Script', 'Actors', 'Epic', 'http://www.google.com/' )

--Tipos de estados de programaciones
INSERT INTO C_BOOKING_STATUS ( ID_BOOKING_STATUS ) VALUES ( 1 )
INSERT INTO C_BOOKING_STATUS ( ID_BOOKING_STATUS ) VALUES ( 2 )
INSERT INTO C_BOOKING_STATUS ( ID_BOOKING_STATUS ) VALUES ( 3 )
INSERT INTO C_BOOKING_STATUS ( ID_BOOKING_STATUS ) VALUES ( 4 )

--Internacionalizacion de tipos de estados
INSERT INTO C_BOOKING_STATUS_LANGUAGE ( ID_BOOKING_STATUS_LANGUAGE, ID_BOOKING_STATUS, ID_LANGUAGE, DS_NAME ) VALUES ( 1, 1, 1, 'Booked' )
INSERT INTO C_BOOKING_STATUS_LANGUAGE ( ID_BOOKING_STATUS_LANGUAGE, ID_BOOKING_STATUS, ID_LANGUAGE, DS_NAME ) VALUES ( 2, 2, 1, 'Cancelled' )
INSERT INTO C_BOOKING_STATUS_LANGUAGE ( ID_BOOKING_STATUS_LANGUAGE, ID_BOOKING_STATUS, ID_LANGUAGE, DS_NAME ) VALUES ( 3, 3, 1, 'Terminated' )
INSERT INTO C_BOOKING_STATUS_LANGUAGE ( ID_BOOKING_STATUS_LANGUAGE, ID_BOOKING_STATUS, ID_LANGUAGE, DS_NAME ) VALUES ( 4, 1, 2, 'Programada' )
INSERT INTO C_BOOKING_STATUS_LANGUAGE ( ID_BOOKING_STATUS_LANGUAGE, ID_BOOKING_STATUS, ID_LANGUAGE, DS_NAME ) VALUES ( 5, 2, 2, 'Cancelada' )
INSERT INTO C_BOOKING_STATUS_LANGUAGE ( ID_BOOKING_STATUS_LANGUAGE, ID_BOOKING_STATUS, ID_LANGUAGE, DS_NAME ) VALUES ( 6, 3, 2, 'Terminada' )
INSERT INTO C_BOOKING_STATUS_LANGUAGE ( ID_BOOKING_STATUS_LANGUAGE, ID_BOOKING_STATUS, ID_LANGUAGE, DS_NAME ) VALUES ( 7, 4, 1, 'Available' )
INSERT INTO C_BOOKING_STATUS_LANGUAGE ( ID_BOOKING_STATUS_LANGUAGE, ID_BOOKING_STATUS, ID_LANGUAGE, DS_NAME ) VALUES ( 8, 4, 2, 'Disponible' )

--Tipos de programacion
INSERT INTO C_BOOKING_TYPE ( ID_BOOKING_TYPE ) VALUES ( 1 )
INSERT INTO C_BOOKING_TYPE ( ID_BOOKING_TYPE ) VALUES ( 2 )
INSERT INTO C_BOOKING_TYPE ( ID_BOOKING_TYPE ) VALUES ( 3 )

--Internacionalizacion de tipos de programación
INSERT INTO C_BOOKING_TYPE_LANGUAGE ( ID_BOOKING_TYPE_LANGUAGE, ID_BOOKING_TYPE, ID_LANGUAGE, DS_NAME ) VALUES ( 1, 1, 1, 'Booking' )
INSERT INTO C_BOOKING_TYPE_LANGUAGE ( ID_BOOKING_TYPE_LANGUAGE, ID_BOOKING_TYPE, ID_LANGUAGE, DS_NAME ) VALUES ( 2, 1, 2, 'Programación' )
INSERT INTO C_BOOKING_TYPE_LANGUAGE ( ID_BOOKING_TYPE_LANGUAGE, ID_BOOKING_TYPE, ID_LANGUAGE, DS_NAME ) VALUES ( 3, 2, 1, 'Prerelease' )
INSERT INTO C_BOOKING_TYPE_LANGUAGE ( ID_BOOKING_TYPE_LANGUAGE, ID_BOOKING_TYPE, ID_LANGUAGE, DS_NAME ) VALUES ( 4, 2, 2, 'Preestreno' )
INSERT INTO C_BOOKING_TYPE_LANGUAGE ( ID_BOOKING_TYPE_LANGUAGE, ID_BOOKING_TYPE, ID_LANGUAGE, DS_NAME ) VALUES ( 5, 3, 1, 'Special event' )
INSERT INTO C_BOOKING_TYPE_LANGUAGE ( ID_BOOKING_TYPE_LANGUAGE, ID_BOOKING_TYPE, ID_LANGUAGE, DS_NAME ) VALUES ( 6, 3, 2, 'Evento especial' )

-- Semanas
INSERT INTO C_WEEK ( ID_WEEK, NU_WEEK, NU_YEAR, DT_STARTING_DAY_WEEK, DT_FINAL_DAY_WEEK, FG_SPECIAL_WEEK, FG_ACTIVE, DT_LAST_MODIFICATION, ID_LAST_USER_MODIFIER ) VALUES (1, 1, 2014, '2014-01-03', '2014-01-09', 0, 1, '2014-04-14', 1)
INSERT INTO C_WEEK ( ID_WEEK, NU_WEEK, NU_YEAR, DT_STARTING_DAY_WEEK, DT_FINAL_DAY_WEEK, FG_SPECIAL_WEEK, FG_ACTIVE, DT_LAST_MODIFICATION, ID_LAST_USER_MODIFIER ) VALUES (2, 2, 2014, '2014-01-10', '2014-01-16', 0, 1, '2014-04-14', 1)
INSERT INTO C_WEEK ( ID_WEEK, NU_WEEK, NU_YEAR, DT_STARTING_DAY_WEEK, DT_FINAL_DAY_WEEK, FG_SPECIAL_WEEK, FG_ACTIVE, DT_LAST_MODIFICATION, ID_LAST_USER_MODIFIER ) VALUES (3, 3, 2014, '2014-01-17', '2014-01-23', 0, 1, '2014-04-14', 1)
INSERT INTO C_WEEK ( ID_WEEK, NU_WEEK, NU_YEAR, DT_STARTING_DAY_WEEK, DT_FINAL_DAY_WEEK, FG_SPECIAL_WEEK, FG_ACTIVE, DT_LAST_MODIFICATION, ID_LAST_USER_MODIFIER ) VALUES (4, 4, 2014, '2014-01-24', '2014-01-30', 0, 1, '2014-04-14', 1)
INSERT INTO C_WEEK ( ID_WEEK, NU_WEEK, NU_YEAR, DT_STARTING_DAY_WEEK, DT_FINAL_DAY_WEEK, FG_SPECIAL_WEEK, FG_ACTIVE, DT_LAST_MODIFICATION, ID_LAST_USER_MODIFIER ) VALUES (5, 5, 2014, '2014-01-31', '2014-02-06', 0, 1, '2014-04-14', 1)
INSERT INTO C_WEEK ( ID_WEEK, NU_WEEK, NU_YEAR, DT_STARTING_DAY_WEEK, DT_FINAL_DAY_WEEK, FG_SPECIAL_WEEK, FG_ACTIVE, DT_LAST_MODIFICATION, ID_LAST_USER_MODIFIER ) VALUES (6, 6, 2014, '2014-02-07', '2014-02-13', 0, 1, '2014-04-14', 1)
INSERT INTO C_WEEK ( ID_WEEK, NU_WEEK, NU_YEAR, DT_STARTING_DAY_WEEK, DT_FINAL_DAY_WEEK, FG_SPECIAL_WEEK, FG_ACTIVE, DT_LAST_MODIFICATION, ID_LAST_USER_MODIFIER ) VALUES (7, 7, 2014, '2014-02-14', '2014-02-20', 0, 1, '2014-04-14', 1)
INSERT INTO C_WEEK ( ID_WEEK, NU_WEEK, NU_YEAR, DT_STARTING_DAY_WEEK, DT_FINAL_DAY_WEEK, FG_SPECIAL_WEEK, FG_ACTIVE, DT_LAST_MODIFICATION, ID_LAST_USER_MODIFIER ) VALUES (8, 8, 2014, '2014-02-21', '2014-02-27', 0, 1, '2014-04-14', 1)
INSERT INTO C_WEEK ( ID_WEEK, NU_WEEK, NU_YEAR, DT_STARTING_DAY_WEEK, DT_FINAL_DAY_WEEK, FG_SPECIAL_WEEK, FG_ACTIVE, DT_LAST_MODIFICATION, ID_LAST_USER_MODIFIER ) VALUES (9, 9, 2014, '2014-02-27', '2014-03-06', 1, 1, '2014-04-14', 1)
INSERT INTO C_WEEK ( ID_WEEK, NU_WEEK, NU_YEAR, DT_STARTING_DAY_WEEK, DT_FINAL_DAY_WEEK, FG_SPECIAL_WEEK, FG_ACTIVE, DT_LAST_MODIFICATION, ID_LAST_USER_MODIFIER ) VALUES (10, 10, 2014, '2014-03-07', '2014-03-13', 0, 1, '2014-04-14', 1)
INSERT INTO C_WEEK ( ID_WEEK, NU_WEEK, NU_YEAR, DT_STARTING_DAY_WEEK, DT_FINAL_DAY_WEEK, FG_SPECIAL_WEEK, FG_ACTIVE, DT_LAST_MODIFICATION, ID_LAST_USER_MODIFIER ) VALUES (11, 11, 2014, '2014-03-14', '2014-03-20', 0, 1, '2014-04-14', 1)
INSERT INTO C_WEEK ( ID_WEEK, NU_WEEK, NU_YEAR, DT_STARTING_DAY_WEEK, DT_FINAL_DAY_WEEK, FG_SPECIAL_WEEK, FG_ACTIVE, DT_LAST_MODIFICATION, ID_LAST_USER_MODIFIER ) VALUES (12, 12, 2014, '2014-03-21', '2014-02-27', 0, 1, '2014-04-14', 1)
INSERT INTO C_WEEK ( ID_WEEK, NU_WEEK, NU_YEAR, DT_STARTING_DAY_WEEK, DT_FINAL_DAY_WEEK, FG_SPECIAL_WEEK, FG_ACTIVE, DT_LAST_MODIFICATION, ID_LAST_USER_MODIFIER ) VALUES (13, 13, 2014, '2014-03-28', '2014-04-03', 0, 1, '2014-04-14', 1)
INSERT INTO C_WEEK ( ID_WEEK, NU_WEEK, NU_YEAR, DT_STARTING_DAY_WEEK, DT_FINAL_DAY_WEEK, FG_SPECIAL_WEEK, FG_ACTIVE, DT_LAST_MODIFICATION, ID_LAST_USER_MODIFIER ) VALUES (14, 14, 2014, '2014-04-04', '2014-04-10', 0, 1, '2014-04-14', 1)
INSERT INTO C_WEEK ( ID_WEEK, NU_WEEK, NU_YEAR, DT_STARTING_DAY_WEEK, DT_FINAL_DAY_WEEK, FG_SPECIAL_WEEK, FG_ACTIVE, DT_LAST_MODIFICATION, ID_LAST_USER_MODIFIER ) VALUES (15, 15, 2014, '2014-04-11', '2014-04-17', 0, 1, '2014-04-14', 1)
INSERT INTO C_WEEK ( ID_WEEK, NU_WEEK, NU_YEAR, DT_STARTING_DAY_WEEK, DT_FINAL_DAY_WEEK, FG_SPECIAL_WEEK, FG_ACTIVE, DT_LAST_MODIFICATION, ID_LAST_USER_MODIFIER ) VALUES (16, 53, 2014, '2014-12-18', '2014-12-24', 0, 1, '2014-06-09', 1)
INSERT INTO C_WEEK ( ID_WEEK, NU_WEEK, NU_YEAR, DT_STARTING_DAY_WEEK, DT_FINAL_DAY_WEEK, FG_SPECIAL_WEEK, FG_ACTIVE, DT_LAST_MODIFICATION, ID_LAST_USER_MODIFIER ) VALUES (17, 7, 2015, '2015-02-19', '2015-02-25', 0, 1, '2015-02-19', 1)

-- Prevetas para las programaciones --
INSERT INTO K_PRESALE ( ID_PRESALE, DT_START_DAY_PRESALE, DT_FINAL_DAY_PRESALE, DT_RELEASE_DAY, FG_ACTIVE, DT_LAST_MODIFICATION, ID_LAST_USER_MODIFIER ) VALUES (1, '2015-03-15', '2015-03-10', '2015-04-15', 1, '2014-05-29 12:34:00', 1);
INSERT INTO K_PRESALE ( ID_PRESALE, DT_START_DAY_PRESALE, DT_FINAL_DAY_PRESALE, DT_RELEASE_DAY, FG_ACTIVE, DT_LAST_MODIFICATION, ID_LAST_USER_MODIFIER ) VALUES (2, '2015-03-15', '2015-03-10', '2015-04-15', 1, '2014-05-29 12:34:00', 1);
INSERT INTO K_PRESALE ( ID_PRESALE, DT_START_DAY_PRESALE, DT_FINAL_DAY_PRESALE, DT_RELEASE_DAY, FG_ACTIVE, DT_LAST_MODIFICATION, ID_LAST_USER_MODIFIER ) VALUES (3, '2015-03-15', '2015-03-10', '2015-04-15', 1, '2014-05-29 12:34:00', 1);
INSERT INTO K_PRESALE ( ID_PRESALE, DT_START_DAY_PRESALE, DT_FINAL_DAY_PRESALE, DT_RELEASE_DAY, FG_ACTIVE, DT_LAST_MODIFICATION, ID_LAST_USER_MODIFIER ) VALUES (4, '2015-03-15', '2015-03-25', '2015-04-15', 1, '2014-05-29 12:34:00', 1);
INSERT INTO K_PRESALE ( ID_PRESALE, DT_START_DAY_PRESALE, DT_FINAL_DAY_PRESALE, DT_RELEASE_DAY, FG_ACTIVE, DT_LAST_MODIFICATION, ID_LAST_USER_MODIFIER ) VALUES (5, '2015-03-15', '2015-03-25', '2015-04-15', 1, '2014-05-29 12:34:00', 1);
INSERT INTO K_PRESALE ( ID_PRESALE, DT_START_DAY_PRESALE, DT_FINAL_DAY_PRESALE, DT_RELEASE_DAY, FG_ACTIVE, DT_LAST_MODIFICATION, ID_LAST_USER_MODIFIER ) VALUES (6, '2015-03-15', '2015-03-25', '2015-04-15', 1, '2014-05-29 12:34:00', 1);
INSERT INTO K_PRESALE ( ID_PRESALE, DT_START_DAY_PRESALE, DT_FINAL_DAY_PRESALE, DT_RELEASE_DAY, FG_ACTIVE, DT_LAST_MODIFICATION, ID_LAST_USER_MODIFIER ) VALUES (7, '2015-03-15', '2015-03-25', '2015-04-15', 1, '2014-05-29 12:34:00', 1);
INSERT INTO K_PRESALE ( ID_PRESALE, DT_START_DAY_PRESALE, DT_FINAL_DAY_PRESALE, DT_RELEASE_DAY, FG_ACTIVE, DT_LAST_MODIFICATION, ID_LAST_USER_MODIFIER ) VALUES (8, '2015-03-15', '2015-03-25', '2015-04-15', 1, '2014-05-29 12:34:00', 1);
INSERT INTO K_PRESALE ( ID_PRESALE, DT_START_DAY_PRESALE, DT_FINAL_DAY_PRESALE, DT_RELEASE_DAY, FG_ACTIVE, DT_LAST_MODIFICATION, ID_LAST_USER_MODIFIER ) VALUES (9, '2015-03-15', '2015-03-25', '2015-04-15', 1, '2014-05-29 12:34:00', 1);
INSERT INTO K_PRESALE ( ID_PRESALE, DT_START_DAY_PRESALE, DT_FINAL_DAY_PRESALE, DT_RELEASE_DAY, FG_ACTIVE, DT_LAST_MODIFICATION, ID_LAST_USER_MODIFIER ) VALUES (10, '2015-03-15', '2015-03-25', '2015-04-15', 1, '2014-05-29 12:34:00', 1);
INSERT INTO K_PRESALE ( ID_PRESALE, DT_START_DAY_PRESALE, DT_FINAL_DAY_PRESALE, DT_RELEASE_DAY, FG_ACTIVE, DT_LAST_MODIFICATION, ID_LAST_USER_MODIFIER ) VALUES (11, '2015-03-15', '2015-03-25', '2015-04-15', 1, '2014-05-29 12:34:00', 1);

--Programaciones
INSERT INTO K_BOOKING ( ID_BOOKING, ID_EVENT, ID_THEATER, FG_ACTIVE, DT_LAST_MODIFICATION, ID_LAST_USER_MODIFIER, FG_BOOKED, ID_BOOKING_TYPE ) VALUES ( 1, 1, 1, 1, '2014-05-29 12:34:00', 1, 1, 1 )
INSERT INTO K_BOOKING ( ID_BOOKING, ID_EVENT, ID_THEATER, FG_ACTIVE, DT_LAST_MODIFICATION, ID_LAST_USER_MODIFIER, FG_BOOKED, ID_BOOKING_TYPE ) VALUES ( 2, 1, 2, 1, '2014-05-29 12:34:00', 1, 1, 1 )
INSERT INTO K_BOOKING ( ID_BOOKING, ID_EVENT, ID_THEATER, FG_ACTIVE, DT_LAST_MODIFICATION, ID_LAST_USER_MODIFIER, FG_BOOKED, ID_BOOKING_TYPE ) VALUES ( 3, 2, 1, 1, '2014-05-29 12:34:00', 1, 1, 1 )
INSERT INTO K_BOOKING ( ID_BOOKING, ID_EVENT, ID_THEATER, FG_ACTIVE, DT_LAST_MODIFICATION, ID_LAST_USER_MODIFIER, FG_BOOKED, ID_BOOKING_TYPE ) VALUES ( 4, 2, 2, 1, '2014-05-29 12:34:00', 1, 1, 1 )
INSERT INTO K_BOOKING ( ID_BOOKING, ID_EVENT, ID_THEATER, FG_ACTIVE, DT_LAST_MODIFICATION, ID_LAST_USER_MODIFIER, FG_BOOKED, ID_BOOKING_TYPE ) VALUES ( 5, 3, 1, 1, '2014-05-29 12:34:00', 1, 1, 1 )
INSERT INTO K_BOOKING ( ID_BOOKING, ID_EVENT, ID_THEATER, FG_ACTIVE, DT_LAST_MODIFICATION, ID_LAST_USER_MODIFIER, FG_BOOKED, ID_BOOKING_TYPE ) VALUES ( 6, 3, 2, 1, '2014-05-29 12:34:00', 1, 1, 1 )
INSERT INTO K_BOOKING ( ID_BOOKING, ID_EVENT, ID_THEATER, FG_ACTIVE, DT_LAST_MODIFICATION, ID_LAST_USER_MODIFIER, FG_BOOKED, ID_BOOKING_TYPE ) VALUES ( 7, 4, 1, 1, '2014-05-29 12:34:00', 1, 1, 1 )
INSERT INTO K_BOOKING ( ID_BOOKING, ID_EVENT, ID_THEATER, FG_ACTIVE, DT_LAST_MODIFICATION, ID_LAST_USER_MODIFIER, FG_BOOKED, ID_BOOKING_TYPE ) VALUES ( 8, 4, 2, 1, '2014-05-29 12:34:00', 1, 1, 1 )
INSERT INTO K_BOOKING ( ID_BOOKING, ID_EVENT, ID_THEATER, FG_ACTIVE, DT_LAST_MODIFICATION, ID_LAST_USER_MODIFIER, FG_BOOKED, ID_BOOKING_TYPE ) VALUES ( 9, 5, 1, 1, '2014-05-29 12:34:00', 1, 1, 1 )
INSERT INTO K_BOOKING ( ID_BOOKING, ID_EVENT, ID_THEATER, FG_ACTIVE, DT_LAST_MODIFICATION, ID_LAST_USER_MODIFIER, FG_BOOKED, ID_BOOKING_TYPE ) VALUES ( 10, 5, 2, 1, '2014-05-29 12:34:00', 1, 1, 1 )
INSERT INTO K_BOOKING ( ID_BOOKING, ID_EVENT, ID_THEATER, FG_ACTIVE, DT_LAST_MODIFICATION, ID_LAST_USER_MODIFIER, FG_BOOKED, ID_BOOKING_TYPE ) VALUES ( 11, 6, 1, 1, '2014-05-29 12:34:00', 1, 1, 1 )
INSERT INTO K_BOOKING ( ID_BOOKING, ID_EVENT, ID_THEATER, FG_ACTIVE, DT_LAST_MODIFICATION, ID_LAST_USER_MODIFIER, FG_BOOKED, ID_BOOKING_TYPE ) VALUES ( 12, 6, 2, 1, '2014-05-29 12:34:00', 1, 1, 1 )
INSERT INTO K_BOOKING ( ID_BOOKING, ID_EVENT, ID_THEATER, FG_ACTIVE, DT_LAST_MODIFICATION, ID_LAST_USER_MODIFIER, FG_BOOKED, ID_BOOKING_TYPE ) VALUES ( 13, 7, 1, 1, '2014-05-29 12:34:00', 1, 1, 1 )
INSERT INTO K_BOOKING ( ID_BOOKING, ID_EVENT, ID_THEATER, FG_ACTIVE, DT_LAST_MODIFICATION, ID_LAST_USER_MODIFIER, FG_BOOKED, ID_BOOKING_TYPE ) VALUES ( 14, 7, 2, 1, '2014-05-29 12:34:00', 1, 1, 1 )
INSERT INTO K_BOOKING ( ID_BOOKING, ID_EVENT, ID_THEATER, FG_ACTIVE, DT_LAST_MODIFICATION, ID_LAST_USER_MODIFIER, FG_BOOKED, ID_BOOKING_TYPE ) VALUES ( 15, 7, 1, 1, '2014-05-29 12:34:00', 1, 1, 2 )
INSERT INTO K_BOOKING ( ID_BOOKING, ID_EVENT, ID_THEATER, FG_ACTIVE, DT_LAST_MODIFICATION, ID_LAST_USER_MODIFIER, FG_BOOKED, ID_BOOKING_TYPE ) VALUES ( 16, 6, 1, 1, '2014-05-29 12:34:00', 1, 1, 2 )
INSERT INTO K_BOOKING ( ID_BOOKING, ID_EVENT, ID_THEATER, FG_ACTIVE, DT_LAST_MODIFICATION, ID_LAST_USER_MODIFIER, FG_BOOKED, ID_BOOKING_TYPE ) VALUES ( 17, 6, 2, 1, '2014-05-29 12:34:00', 1, 1, 2 )
INSERT INTO K_BOOKING ( ID_BOOKING, ID_EVENT, ID_THEATER, FG_ACTIVE, DT_LAST_MODIFICATION, ID_LAST_USER_MODIFIER, FG_BOOKED, ID_BOOKING_TYPE ) VALUES ( 18, 6, 3, 1, '2014-05-29 12:34:00', 1, 1, 2 )
INSERT INTO K_BOOKING ( ID_BOOKING, ID_EVENT, ID_THEATER, FG_ACTIVE, DT_LAST_MODIFICATION, ID_LAST_USER_MODIFIER, FG_BOOKED, ID_BOOKING_TYPE ) VALUES ( 19, 5, 1, 1, '2014-05-29 12:34:00', 1, 1, 3 )
INSERT INTO K_BOOKING ( ID_BOOKING, ID_EVENT, ID_THEATER, FG_ACTIVE, DT_LAST_MODIFICATION, ID_LAST_USER_MODIFIER, FG_BOOKED, ID_BOOKING_TYPE ) VALUES ( 20, 5, 2, 1, '2014-05-29 12:34:00', 1, 1, 3 )
INSERT INTO K_BOOKING ( ID_BOOKING, ID_EVENT, ID_THEATER, FG_ACTIVE, DT_LAST_MODIFICATION, ID_LAST_USER_MODIFIER, FG_BOOKED, ID_BOOKING_TYPE ) VALUES ( 21, 5, 3, 1, '2014-05-29 12:34:00', 1, 1, 3 )
INSERT INTO K_BOOKING ( ID_BOOKING, ID_EVENT, ID_THEATER, FG_ACTIVE, DT_LAST_MODIFICATION, ID_LAST_USER_MODIFIER, FG_BOOKED, ID_BOOKING_TYPE ) VALUES ( 22, 5, 2, 1, '2014-05-29 12:34:00', 1, 1, 3 )
INSERT INTO K_BOOKING ( ID_BOOKING, ID_EVENT, ID_THEATER, FG_ACTIVE, DT_LAST_MODIFICATION, ID_LAST_USER_MODIFIER, FG_BOOKED, ID_BOOKING_TYPE ) VALUES ( 23, 13, 2, 1, '2014-05-29 12:34:00', 1, 1, 3 )
INSERT INTO K_BOOKING ( ID_BOOKING, ID_EVENT, ID_THEATER, FG_ACTIVE, DT_LAST_MODIFICATION, ID_LAST_USER_MODIFIER, FG_BOOKED, ID_BOOKING_TYPE ) VALUES ( 24, 13, 2, 1, '2014-05-29 12:34:00', 1, 1, 3 )
INSERT INTO K_BOOKING ( ID_BOOKING, ID_EVENT, ID_THEATER, FG_ACTIVE, DT_LAST_MODIFICATION, ID_LAST_USER_MODIFIER, FG_BOOKED, ID_BOOKING_TYPE ) VALUES ( 25, 13, 2, 1, '2014-05-29 12:34:00', 1, 1, 3 )

INSERT INTO K_BOOKING ( ID_BOOKING, ID_EVENT, ID_THEATER, FG_ACTIVE, DT_LAST_MODIFICATION, ID_LAST_USER_MODIFIER, FG_BOOKED, ID_BOOKING_TYPE ) VALUES ( 26, 14, 2, 1, '2015-02-19 12:34:00', 1, 1, 1 )
INSERT INTO K_BOOKING ( ID_BOOKING, ID_EVENT, ID_THEATER, FG_ACTIVE, DT_LAST_MODIFICATION, ID_LAST_USER_MODIFIER, FG_BOOKED, ID_BOOKING_TYPE ) VALUES ( 27, 15, 2, 1, '2015-02-19 12:34:00', 1, 1, 1 )
INSERT INTO K_BOOKING ( ID_BOOKING, ID_EVENT, ID_THEATER, FG_ACTIVE, DT_LAST_MODIFICATION, ID_LAST_USER_MODIFIER, FG_BOOKED, ID_BOOKING_TYPE ) VALUES ( 28, 16, 2, 1, '2015-02-19 12:34:00', 1, 1, 1 )
INSERT INTO K_BOOKING ( ID_BOOKING, ID_EVENT, ID_THEATER, FG_ACTIVE, DT_LAST_MODIFICATION, ID_LAST_USER_MODIFIER, FG_BOOKED, ID_BOOKING_TYPE ) VALUES ( 29, 17, 2, 1, '2015-02-19 12:34:00', 1, 1, 1 )


INSERT INTO K_BOOKING_WEEK ( ID_BOOKING_WEEK, ID_BOOKING, ID_BOOKING_STATUS, ID_WEEK, DT_EXHIBITION_END_DATE, NU_EXHIBITION_WEEK, QT_COPY, QT_COPY_SCREEN_ZERO, QT_COPY_SCREEN_ZERO_TERMINATED, FG_SEND, FG_ACTIVE, DT_LAST_MODIFICATION, ID_LAST_USER_MODIFIER) VALUES ( 1, 1, 1, 1, null, 1, 1, 0, 0, 0, 1, '2014-05-29 12:34:00', 1 )
INSERT INTO K_BOOKING_WEEK ( ID_BOOKING_WEEK, ID_BOOKING, ID_BOOKING_STATUS, ID_WEEK, DT_EXHIBITION_END_DATE, NU_EXHIBITION_WEEK, QT_COPY, QT_COPY_SCREEN_ZERO, QT_COPY_SCREEN_ZERO_TERMINATED, FG_SEND, FG_ACTIVE, DT_LAST_MODIFICATION, ID_LAST_USER_MODIFIER) VALUES ( 2, 2, 1, 1, null, 1, 1, 0, 0, 0, 1, '2014-05-29 12:34:00', 1 )
INSERT INTO K_BOOKING_WEEK ( ID_BOOKING_WEEK, ID_BOOKING, ID_BOOKING_STATUS, ID_WEEK, DT_EXHIBITION_END_DATE, NU_EXHIBITION_WEEK, QT_COPY, QT_COPY_SCREEN_ZERO, QT_COPY_SCREEN_ZERO_TERMINATED, FG_SEND, FG_ACTIVE, DT_LAST_MODIFICATION, ID_LAST_USER_MODIFIER) VALUES ( 3, 3, 1, 1, null, 1, 1, 0, 0, 0, 1, '2014-05-29 12:34:00', 1 )
INSERT INTO K_BOOKING_WEEK ( ID_BOOKING_WEEK, ID_BOOKING, ID_BOOKING_STATUS, ID_WEEK, DT_EXHIBITION_END_DATE, NU_EXHIBITION_WEEK, QT_COPY, QT_COPY_SCREEN_ZERO, QT_COPY_SCREEN_ZERO_TERMINATED, FG_SEND, FG_ACTIVE, DT_LAST_MODIFICATION, ID_LAST_USER_MODIFIER) VALUES ( 4, 4, 1, 1, null, 1, 1, 0, 0, 0, 1, '2014-05-29 12:34:00', 1 )
INSERT INTO K_BOOKING_WEEK ( ID_BOOKING_WEEK, ID_BOOKING, ID_BOOKING_STATUS, ID_WEEK, DT_EXHIBITION_END_DATE, NU_EXHIBITION_WEEK, QT_COPY, QT_COPY_SCREEN_ZERO, QT_COPY_SCREEN_ZERO_TERMINATED, FG_SEND, FG_ACTIVE, DT_LAST_MODIFICATION, ID_LAST_USER_MODIFIER) VALUES ( 5, 5, 1, 1, null, 1, 1, 0, 0, 0, 1, '2014-05-29 12:34:00', 1 )
INSERT INTO K_BOOKING_WEEK ( ID_BOOKING_WEEK, ID_BOOKING, ID_BOOKING_STATUS, ID_WEEK, DT_EXHIBITION_END_DATE, NU_EXHIBITION_WEEK, QT_COPY, QT_COPY_SCREEN_ZERO, QT_COPY_SCREEN_ZERO_TERMINATED, FG_SEND, FG_ACTIVE, DT_LAST_MODIFICATION, ID_LAST_USER_MODIFIER) VALUES ( 6, 6, 1, 1, null, 1, 1, 0, 0, 0, 1, '2014-05-29 12:34:00', 1 )
INSERT INTO K_BOOKING_WEEK ( ID_BOOKING_WEEK, ID_BOOKING, ID_BOOKING_STATUS, ID_WEEK, DT_EXHIBITION_END_DATE, NU_EXHIBITION_WEEK, QT_COPY, QT_COPY_SCREEN_ZERO, QT_COPY_SCREEN_ZERO_TERMINATED, FG_SEND, FG_ACTIVE, DT_LAST_MODIFICATION, ID_LAST_USER_MODIFIER) VALUES ( 7, 7, 1, 1, null, 1, 1, 0, 0, 0, 1, '2014-05-29 12:34:00', 1 )
INSERT INTO K_BOOKING_WEEK ( ID_BOOKING_WEEK, ID_BOOKING, ID_BOOKING_STATUS, ID_WEEK, DT_EXHIBITION_END_DATE, NU_EXHIBITION_WEEK, QT_COPY, QT_COPY_SCREEN_ZERO, QT_COPY_SCREEN_ZERO_TERMINATED, FG_SEND, FG_ACTIVE, DT_LAST_MODIFICATION, ID_LAST_USER_MODIFIER) VALUES ( 8, 8, 1, 1, null, 1, 1, 0, 0, 0, 1, '2014-05-29 12:34:00', 1 )
INSERT INTO K_BOOKING_WEEK ( ID_BOOKING_WEEK, ID_BOOKING, ID_BOOKING_STATUS, ID_WEEK, DT_EXHIBITION_END_DATE, NU_EXHIBITION_WEEK, QT_COPY, QT_COPY_SCREEN_ZERO, QT_COPY_SCREEN_ZERO_TERMINATED, FG_SEND, FG_ACTIVE, DT_LAST_MODIFICATION, ID_LAST_USER_MODIFIER) VALUES ( 9, 9, 1, 1, null, 1, 1, 0, 0, 0, 1, '2014-05-29 12:34:00', 1 )
INSERT INTO K_BOOKING_WEEK ( ID_BOOKING_WEEK, ID_BOOKING, ID_BOOKING_STATUS, ID_WEEK, DT_EXHIBITION_END_DATE, NU_EXHIBITION_WEEK, QT_COPY, QT_COPY_SCREEN_ZERO, QT_COPY_SCREEN_ZERO_TERMINATED, FG_SEND, FG_ACTIVE, DT_LAST_MODIFICATION, ID_LAST_USER_MODIFIER) VALUES ( 10, 10, 1, 1, null, 1, 1, 0, 0, 0, 1, '2014-05-29 12:34:00', 1 )
INSERT INTO K_BOOKING_WEEK ( ID_BOOKING_WEEK, ID_BOOKING, ID_BOOKING_STATUS, ID_WEEK, DT_EXHIBITION_END_DATE, NU_EXHIBITION_WEEK, QT_COPY, QT_COPY_SCREEN_ZERO, QT_COPY_SCREEN_ZERO_TERMINATED, FG_SEND, FG_ACTIVE, DT_LAST_MODIFICATION, ID_LAST_USER_MODIFIER) VALUES ( 11, 11, 1, 1, null, 1, 1, 0, 0, 0, 1, '2014-05-29 12:34:00', 1 )
INSERT INTO K_BOOKING_WEEK ( ID_BOOKING_WEEK, ID_BOOKING, ID_BOOKING_STATUS, ID_WEEK, DT_EXHIBITION_END_DATE, NU_EXHIBITION_WEEK, QT_COPY, QT_COPY_SCREEN_ZERO, QT_COPY_SCREEN_ZERO_TERMINATED, FG_SEND, FG_ACTIVE, DT_LAST_MODIFICATION, ID_LAST_USER_MODIFIER) VALUES ( 12, 12, 1, 1, null, 1, 1, 0, 0, 0, 1, '2014-05-29 12:34:00', 1 )
INSERT INTO K_BOOKING_WEEK ( ID_BOOKING_WEEK, ID_BOOKING, ID_BOOKING_STATUS, ID_WEEK, DT_EXHIBITION_END_DATE, NU_EXHIBITION_WEEK, QT_COPY, QT_COPY_SCREEN_ZERO, QT_COPY_SCREEN_ZERO_TERMINATED, FG_SEND, FG_ACTIVE, DT_LAST_MODIFICATION, ID_LAST_USER_MODIFIER) VALUES ( 13, 1, 1, 2, null, 2, 1, 0, 0, 0, 1, '2014-05-29 12:34:00', 1 )
INSERT INTO K_BOOKING_WEEK ( ID_BOOKING_WEEK, ID_BOOKING, ID_BOOKING_STATUS, ID_WEEK, DT_EXHIBITION_END_DATE, NU_EXHIBITION_WEEK, QT_COPY, QT_COPY_SCREEN_ZERO, QT_COPY_SCREEN_ZERO_TERMINATED, FG_SEND, FG_ACTIVE, DT_LAST_MODIFICATION, ID_LAST_USER_MODIFIER) VALUES ( 14, 2, 1, 2, null, 2, 1, 0, 0, 0, 1, '2014-05-29 12:34:00', 1 )
INSERT INTO K_BOOKING_WEEK ( ID_BOOKING_WEEK, ID_BOOKING, ID_BOOKING_STATUS, ID_WEEK, DT_EXHIBITION_END_DATE, NU_EXHIBITION_WEEK, QT_COPY, QT_COPY_SCREEN_ZERO, QT_COPY_SCREEN_ZERO_TERMINATED, FG_SEND, FG_ACTIVE, DT_LAST_MODIFICATION, ID_LAST_USER_MODIFIER) VALUES ( 15, 3, 1, 2, null, 2, 1, 0, 0, 0, 1, '2014-05-29 12:34:00', 1 )
INSERT INTO K_BOOKING_WEEK ( ID_BOOKING_WEEK, ID_BOOKING, ID_BOOKING_STATUS, ID_WEEK, DT_EXHIBITION_END_DATE, NU_EXHIBITION_WEEK, QT_COPY, QT_COPY_SCREEN_ZERO, QT_COPY_SCREEN_ZERO_TERMINATED, FG_SEND, FG_ACTIVE, DT_LAST_MODIFICATION, ID_LAST_USER_MODIFIER) VALUES ( 16, 4, 1, 2, null, 2, 1, 0, 0, 0, 1, '2014-05-29 12:34:00', 1 )
INSERT INTO K_BOOKING_WEEK ( ID_BOOKING_WEEK, ID_BOOKING, ID_BOOKING_STATUS, ID_WEEK, DT_EXHIBITION_END_DATE, NU_EXHIBITION_WEEK, QT_COPY, QT_COPY_SCREEN_ZERO, QT_COPY_SCREEN_ZERO_TERMINATED, FG_SEND, FG_ACTIVE, DT_LAST_MODIFICATION, ID_LAST_USER_MODIFIER) VALUES ( 17, 5, 1, 2, null, 2, 1, 0, 0, 0, 1, '2014-05-29 12:34:00', 1 )
INSERT INTO K_BOOKING_WEEK ( ID_BOOKING_WEEK, ID_BOOKING, ID_BOOKING_STATUS, ID_WEEK, DT_EXHIBITION_END_DATE, NU_EXHIBITION_WEEK, QT_COPY, QT_COPY_SCREEN_ZERO, QT_COPY_SCREEN_ZERO_TERMINATED, FG_SEND, FG_ACTIVE, DT_LAST_MODIFICATION, ID_LAST_USER_MODIFIER) VALUES ( 18, 6, 1, 2, null, 2, 1, 0, 0, 0, 1, '2014-05-29 12:34:00', 1 )
INSERT INTO K_BOOKING_WEEK ( ID_BOOKING_WEEK, ID_BOOKING, ID_BOOKING_STATUS, ID_WEEK, DT_EXHIBITION_END_DATE, NU_EXHIBITION_WEEK, QT_COPY, QT_COPY_SCREEN_ZERO, QT_COPY_SCREEN_ZERO_TERMINATED, FG_SEND, FG_ACTIVE, DT_LAST_MODIFICATION, ID_LAST_USER_MODIFIER) VALUES ( 19, 7, 1, 2, null, 2, 1, 0, 0, 0, 1, '2014-05-29 12:34:00', 1 )
INSERT INTO K_BOOKING_WEEK ( ID_BOOKING_WEEK, ID_BOOKING, ID_BOOKING_STATUS, ID_WEEK, DT_EXHIBITION_END_DATE, NU_EXHIBITION_WEEK, QT_COPY, QT_COPY_SCREEN_ZERO, QT_COPY_SCREEN_ZERO_TERMINATED, FG_SEND, FG_ACTIVE, DT_LAST_MODIFICATION, ID_LAST_USER_MODIFIER) VALUES ( 20, 8, 1, 2, null, 2, 1, 0, 0, 0, 1, '2014-05-29 12:34:00', 1 )
INSERT INTO K_BOOKING_WEEK ( ID_BOOKING_WEEK, ID_BOOKING, ID_BOOKING_STATUS, ID_WEEK, DT_EXHIBITION_END_DATE, NU_EXHIBITION_WEEK, QT_COPY, QT_COPY_SCREEN_ZERO, QT_COPY_SCREEN_ZERO_TERMINATED, FG_SEND, FG_ACTIVE, DT_LAST_MODIFICATION, ID_LAST_USER_MODIFIER) VALUES ( 21, 9, 1, 2, null, 2, 1, 0, 0, 0, 1, '2014-05-29 12:34:00', 1 )
INSERT INTO K_BOOKING_WEEK ( ID_BOOKING_WEEK, ID_BOOKING, ID_BOOKING_STATUS, ID_WEEK, DT_EXHIBITION_END_DATE, NU_EXHIBITION_WEEK, QT_COPY, QT_COPY_SCREEN_ZERO, QT_COPY_SCREEN_ZERO_TERMINATED, FG_SEND, FG_ACTIVE, DT_LAST_MODIFICATION, ID_LAST_USER_MODIFIER) VALUES ( 22, 10, 1, 2, null, 2, 1, 0, 0, 0, 1, '2014-05-29 12:34:00', 1 )
INSERT INTO K_BOOKING_WEEK ( ID_BOOKING_WEEK, ID_BOOKING, ID_BOOKING_STATUS, ID_WEEK, DT_EXHIBITION_END_DATE, NU_EXHIBITION_WEEK, QT_COPY, QT_COPY_SCREEN_ZERO, QT_COPY_SCREEN_ZERO_TERMINATED, FG_SEND, FG_ACTIVE, DT_LAST_MODIFICATION, ID_LAST_USER_MODIFIER) VALUES ( 23, 11, 1, 2, null, 2, 1, 0, 0, 0, 1, '2014-05-29 12:34:00', 1 )
INSERT INTO K_BOOKING_WEEK ( ID_BOOKING_WEEK, ID_BOOKING, ID_BOOKING_STATUS, ID_WEEK, DT_EXHIBITION_END_DATE, NU_EXHIBITION_WEEK, QT_COPY, QT_COPY_SCREEN_ZERO, QT_COPY_SCREEN_ZERO_TERMINATED, FG_SEND, FG_ACTIVE, DT_LAST_MODIFICATION, ID_LAST_USER_MODIFIER) VALUES ( 24, 12, 1, 2, null, 2, 1, 0, 0, 0, 1, '2014-05-29 12:34:00', 1 )
INSERT INTO K_BOOKING_WEEK ( ID_BOOKING_WEEK, ID_BOOKING, ID_BOOKING_STATUS, ID_WEEK, DT_EXHIBITION_END_DATE, NU_EXHIBITION_WEEK, QT_COPY, QT_COPY_SCREEN_ZERO, QT_COPY_SCREEN_ZERO_TERMINATED, FG_SEND, FG_ACTIVE, DT_LAST_MODIFICATION, ID_LAST_USER_MODIFIER) VALUES ( 25, 1, 1, 3, null, 3, 1, 0, 0, 0, 1, '2014-05-29 12:34:00', 1 )
INSERT INTO K_BOOKING_WEEK ( ID_BOOKING_WEEK, ID_BOOKING, ID_BOOKING_STATUS, ID_WEEK, DT_EXHIBITION_END_DATE, NU_EXHIBITION_WEEK, QT_COPY, QT_COPY_SCREEN_ZERO, QT_COPY_SCREEN_ZERO_TERMINATED, FG_SEND, FG_ACTIVE, DT_LAST_MODIFICATION, ID_LAST_USER_MODIFIER) VALUES ( 26, 2, 1, 3, null, 3, 1, 0, 0, 0, 1, '2014-05-29 12:34:00', 1 )
INSERT INTO K_BOOKING_WEEK ( ID_BOOKING_WEEK, ID_BOOKING, ID_BOOKING_STATUS, ID_WEEK, DT_EXHIBITION_END_DATE, NU_EXHIBITION_WEEK, QT_COPY, QT_COPY_SCREEN_ZERO, QT_COPY_SCREEN_ZERO_TERMINATED, FG_SEND, FG_ACTIVE, DT_LAST_MODIFICATION, ID_LAST_USER_MODIFIER) VALUES ( 27, 3, 1, 3, null, 3, 1, 0, 0, 0, 1, '2014-05-29 12:34:00', 1 )
INSERT INTO K_BOOKING_WEEK ( ID_BOOKING_WEEK, ID_BOOKING, ID_BOOKING_STATUS, ID_WEEK, DT_EXHIBITION_END_DATE, NU_EXHIBITION_WEEK, QT_COPY, QT_COPY_SCREEN_ZERO, QT_COPY_SCREEN_ZERO_TERMINATED, FG_SEND, FG_ACTIVE, DT_LAST_MODIFICATION, ID_LAST_USER_MODIFIER) VALUES ( 28, 4, 1, 3, null, 3, 1, 0, 0, 0, 1, '2014-05-29 12:34:00', 1 )
INSERT INTO K_BOOKING_WEEK ( ID_BOOKING_WEEK, ID_BOOKING, ID_BOOKING_STATUS, ID_WEEK, DT_EXHIBITION_END_DATE, NU_EXHIBITION_WEEK, QT_COPY, QT_COPY_SCREEN_ZERO, QT_COPY_SCREEN_ZERO_TERMINATED, FG_SEND, FG_ACTIVE, DT_LAST_MODIFICATION, ID_LAST_USER_MODIFIER) VALUES ( 29, 5, 1, 3, null, 3, 1, 0, 0, 0, 1, '2014-05-29 12:34:00', 1 )
INSERT INTO K_BOOKING_WEEK ( ID_BOOKING_WEEK, ID_BOOKING, ID_BOOKING_STATUS, ID_WEEK, DT_EXHIBITION_END_DATE, NU_EXHIBITION_WEEK, QT_COPY, QT_COPY_SCREEN_ZERO, QT_COPY_SCREEN_ZERO_TERMINATED, FG_SEND, FG_ACTIVE, DT_LAST_MODIFICATION, ID_LAST_USER_MODIFIER) VALUES ( 30, 6, 1, 3, null, 3, 1, 0, 0, 0, 1, '2014-05-29 12:34:00', 1 )
INSERT INTO K_BOOKING_WEEK ( ID_BOOKING_WEEK, ID_BOOKING, ID_BOOKING_STATUS, ID_WEEK, DT_EXHIBITION_END_DATE, NU_EXHIBITION_WEEK, QT_COPY, QT_COPY_SCREEN_ZERO, QT_COPY_SCREEN_ZERO_TERMINATED, FG_SEND, FG_ACTIVE, DT_LAST_MODIFICATION, ID_LAST_USER_MODIFIER) VALUES ( 31, 7, 1, 3, null, 3, 1, 0, 0, 0, 1, '2014-05-29 12:34:00', 1 )
INSERT INTO K_BOOKING_WEEK ( ID_BOOKING_WEEK, ID_BOOKING, ID_BOOKING_STATUS, ID_WEEK, DT_EXHIBITION_END_DATE, NU_EXHIBITION_WEEK, QT_COPY, QT_COPY_SCREEN_ZERO, QT_COPY_SCREEN_ZERO_TERMINATED, FG_SEND, FG_ACTIVE, DT_LAST_MODIFICATION, ID_LAST_USER_MODIFIER) VALUES ( 32, 8, 1, 3, null, 3, 1, 0, 0, 0, 1, '2014-05-29 12:34:00', 1 )
INSERT INTO K_BOOKING_WEEK ( ID_BOOKING_WEEK, ID_BOOKING, ID_BOOKING_STATUS, ID_WEEK, DT_EXHIBITION_END_DATE, NU_EXHIBITION_WEEK, QT_COPY, QT_COPY_SCREEN_ZERO, QT_COPY_SCREEN_ZERO_TERMINATED, FG_SEND, FG_ACTIVE, DT_LAST_MODIFICATION, ID_LAST_USER_MODIFIER) VALUES ( 33, 9, 1, 3, null, 3, 1, 0, 0, 0, 1, '2014-05-29 12:34:00', 1 )
INSERT INTO K_BOOKING_WEEK ( ID_BOOKING_WEEK, ID_BOOKING, ID_BOOKING_STATUS, ID_WEEK, DT_EXHIBITION_END_DATE, NU_EXHIBITION_WEEK, QT_COPY, QT_COPY_SCREEN_ZERO, QT_COPY_SCREEN_ZERO_TERMINATED, FG_SEND, FG_ACTIVE, DT_LAST_MODIFICATION, ID_LAST_USER_MODIFIER) VALUES ( 34, 10, 1, 3, null, 3, 1, 0, 0, 0, 1, '2014-05-29 12:34:00', 1 )
INSERT INTO K_BOOKING_WEEK ( ID_BOOKING_WEEK, ID_BOOKING, ID_BOOKING_STATUS, ID_WEEK, DT_EXHIBITION_END_DATE, NU_EXHIBITION_WEEK, QT_COPY, QT_COPY_SCREEN_ZERO, QT_COPY_SCREEN_ZERO_TERMINATED, FG_SEND, FG_ACTIVE, DT_LAST_MODIFICATION, ID_LAST_USER_MODIFIER) VALUES ( 35, 11, 1, 3, null, 3, 1, 0, 0, 0, 1, '2014-05-29 12:34:00', 1 )
INSERT INTO K_BOOKING_WEEK ( ID_BOOKING_WEEK, ID_BOOKING, ID_BOOKING_STATUS, ID_WEEK, DT_EXHIBITION_END_DATE, NU_EXHIBITION_WEEK, QT_COPY, QT_COPY_SCREEN_ZERO, QT_COPY_SCREEN_ZERO_TERMINATED, FG_SEND, FG_ACTIVE, DT_LAST_MODIFICATION, ID_LAST_USER_MODIFIER) VALUES ( 36, 12, 1, 3, null, 3, 1, 0, 0, 0, 1, '2014-05-29 12:34:00', 1 )
INSERT INTO K_BOOKING_WEEK ( ID_BOOKING_WEEK, ID_BOOKING, ID_BOOKING_STATUS, ID_WEEK, DT_EXHIBITION_END_DATE, NU_EXHIBITION_WEEK, QT_COPY, QT_COPY_SCREEN_ZERO, QT_COPY_SCREEN_ZERO_TERMINATED, FG_SEND, FG_ACTIVE, DT_LAST_MODIFICATION, ID_LAST_USER_MODIFIER) VALUES ( 37, 1, 1, 4, null, 4, 1, 0, 0, 0, 1, '2014-05-29 12:34:00', 1 )
INSERT INTO K_BOOKING_WEEK ( ID_BOOKING_WEEK, ID_BOOKING, ID_BOOKING_STATUS, ID_WEEK, DT_EXHIBITION_END_DATE, NU_EXHIBITION_WEEK, QT_COPY, QT_COPY_SCREEN_ZERO, QT_COPY_SCREEN_ZERO_TERMINATED, FG_SEND, FG_ACTIVE, DT_LAST_MODIFICATION, ID_LAST_USER_MODIFIER) VALUES ( 38, 2, 1, 4, null, 4, 1, 0, 0, 0, 1, '2014-05-29 12:34:00', 1 )
INSERT INTO K_BOOKING_WEEK ( ID_BOOKING_WEEK, ID_BOOKING, ID_BOOKING_STATUS, ID_WEEK, DT_EXHIBITION_END_DATE, NU_EXHIBITION_WEEK, QT_COPY, QT_COPY_SCREEN_ZERO, QT_COPY_SCREEN_ZERO_TERMINATED, FG_SEND, FG_ACTIVE, DT_LAST_MODIFICATION, ID_LAST_USER_MODIFIER) VALUES ( 39, 3, 1, 4, null, 4, 1, 0, 0, 0, 1, '2014-05-29 12:34:00', 1 )
INSERT INTO K_BOOKING_WEEK ( ID_BOOKING_WEEK, ID_BOOKING, ID_BOOKING_STATUS, ID_WEEK, DT_EXHIBITION_END_DATE, NU_EXHIBITION_WEEK, QT_COPY, QT_COPY_SCREEN_ZERO, QT_COPY_SCREEN_ZERO_TERMINATED, FG_SEND, FG_ACTIVE, DT_LAST_MODIFICATION, ID_LAST_USER_MODIFIER) VALUES ( 40, 4, 1, 4, null, 4, 1, 0, 0, 0, 1, '2014-05-29 12:34:00', 1 )
INSERT INTO K_BOOKING_WEEK ( ID_BOOKING_WEEK, ID_BOOKING, ID_BOOKING_STATUS, ID_WEEK, DT_EXHIBITION_END_DATE, NU_EXHIBITION_WEEK, QT_COPY, QT_COPY_SCREEN_ZERO, QT_COPY_SCREEN_ZERO_TERMINATED, FG_SEND, FG_ACTIVE, DT_LAST_MODIFICATION, ID_LAST_USER_MODIFIER) VALUES ( 41, 5, 1, 4, null, 4, 1, 0, 0, 0, 1, '2014-05-29 12:34:00', 1 )
INSERT INTO K_BOOKING_WEEK ( ID_BOOKING_WEEK, ID_BOOKING, ID_BOOKING_STATUS, ID_WEEK, DT_EXHIBITION_END_DATE, NU_EXHIBITION_WEEK, QT_COPY, QT_COPY_SCREEN_ZERO, QT_COPY_SCREEN_ZERO_TERMINATED, FG_SEND, FG_ACTIVE, DT_LAST_MODIFICATION, ID_LAST_USER_MODIFIER) VALUES ( 42, 6, 1, 4, null, 4, 1, 0, 0, 0, 1, '2014-05-29 12:34:00', 1 )
INSERT INTO K_BOOKING_WEEK ( ID_BOOKING_WEEK, ID_BOOKING, ID_BOOKING_STATUS, ID_WEEK, DT_EXHIBITION_END_DATE, NU_EXHIBITION_WEEK, QT_COPY, QT_COPY_SCREEN_ZERO, QT_COPY_SCREEN_ZERO_TERMINATED, FG_SEND, FG_ACTIVE, DT_LAST_MODIFICATION, ID_LAST_USER_MODIFIER) VALUES ( 43, 7, 1, 4, null, 4, 1, 0, 0, 0, 1, '2014-05-29 12:34:00', 1 )
INSERT INTO K_BOOKING_WEEK ( ID_BOOKING_WEEK, ID_BOOKING, ID_BOOKING_STATUS, ID_WEEK, DT_EXHIBITION_END_DATE, NU_EXHIBITION_WEEK, QT_COPY, QT_COPY_SCREEN_ZERO, QT_COPY_SCREEN_ZERO_TERMINATED, FG_SEND, FG_ACTIVE, DT_LAST_MODIFICATION, ID_LAST_USER_MODIFIER) VALUES ( 44, 8, 1, 4, null, 4, 1, 0, 0, 0, 1, '2014-05-29 12:34:00', 1 )
INSERT INTO K_BOOKING_WEEK ( ID_BOOKING_WEEK, ID_BOOKING, ID_BOOKING_STATUS, ID_WEEK, DT_EXHIBITION_END_DATE, NU_EXHIBITION_WEEK, QT_COPY, QT_COPY_SCREEN_ZERO, QT_COPY_SCREEN_ZERO_TERMINATED, FG_SEND, FG_ACTIVE, DT_LAST_MODIFICATION, ID_LAST_USER_MODIFIER) VALUES ( 45, 9, 1, 4, null, 4, 1, 0, 0, 0, 1, '2014-05-29 12:34:00', 1 )
INSERT INTO K_BOOKING_WEEK ( ID_BOOKING_WEEK, ID_BOOKING, ID_BOOKING_STATUS, ID_WEEK, DT_EXHIBITION_END_DATE, NU_EXHIBITION_WEEK, QT_COPY, QT_COPY_SCREEN_ZERO, QT_COPY_SCREEN_ZERO_TERMINATED, FG_SEND, FG_ACTIVE, DT_LAST_MODIFICATION, ID_LAST_USER_MODIFIER) VALUES ( 46, 10, 1, 4, null, 4, 1, 0, 0, 0, 1, '2014-05-29 12:34:00', 1 )
INSERT INTO K_BOOKING_WEEK ( ID_BOOKING_WEEK, ID_BOOKING, ID_BOOKING_STATUS, ID_WEEK, DT_EXHIBITION_END_DATE, NU_EXHIBITION_WEEK, QT_COPY, QT_COPY_SCREEN_ZERO, QT_COPY_SCREEN_ZERO_TERMINATED, FG_SEND, FG_ACTIVE, DT_LAST_MODIFICATION, ID_LAST_USER_MODIFIER) VALUES ( 47, 11, 1, 4, null, 4, 1, 0, 0, 0, 1, '2014-05-29 12:34:00', 1 )
INSERT INTO K_BOOKING_WEEK ( ID_BOOKING_WEEK, ID_BOOKING, ID_BOOKING_STATUS, ID_WEEK, DT_EXHIBITION_END_DATE, NU_EXHIBITION_WEEK, QT_COPY, QT_COPY_SCREEN_ZERO, QT_COPY_SCREEN_ZERO_TERMINATED, FG_SEND, FG_ACTIVE, DT_LAST_MODIFICATION, ID_LAST_USER_MODIFIER) VALUES ( 48, 12, 1, 4, null, 4, 1, 0, 0, 0, 1, '2014-05-29 12:34:00', 1 )
INSERT INTO K_BOOKING_WEEK ( ID_BOOKING_WEEK, ID_BOOKING, ID_BOOKING_STATUS, ID_WEEK, DT_EXHIBITION_END_DATE, NU_EXHIBITION_WEEK, QT_COPY, QT_COPY_SCREEN_ZERO, QT_COPY_SCREEN_ZERO_TERMINATED, FG_SEND, FG_ACTIVE, DT_LAST_MODIFICATION, ID_LAST_USER_MODIFIER) VALUES ( 49, 13, 1, 4, null, 1, 1, 0, 0, 0, 1, '2014-05-29 12:34:00', 1 )
INSERT INTO K_BOOKING_WEEK ( ID_BOOKING_WEEK, ID_BOOKING, ID_BOOKING_STATUS, ID_WEEK, DT_EXHIBITION_END_DATE, NU_EXHIBITION_WEEK, QT_COPY, QT_COPY_SCREEN_ZERO, QT_COPY_SCREEN_ZERO_TERMINATED, FG_SEND, FG_ACTIVE, DT_LAST_MODIFICATION, ID_LAST_USER_MODIFIER) VALUES ( 50, 14, 1, 4, null, 1, 1, 0, 0, 0, 1, '2014-05-29 12:34:00', 1 )
INSERT INTO K_BOOKING_WEEK ( ID_BOOKING_WEEK, ID_BOOKING, ID_BOOKING_STATUS, ID_WEEK, DT_EXHIBITION_END_DATE, NU_EXHIBITION_WEEK, QT_COPY, QT_COPY_SCREEN_ZERO, QT_COPY_SCREEN_ZERO_TERMINATED, FG_SEND, FG_ACTIVE, DT_LAST_MODIFICATION, ID_LAST_USER_MODIFIER) VALUES ( 51, 15, 1, 4, null, 1, 1, 0, 0, 0, 1, '2014-05-29 12:34:00', 1 )
INSERT INTO K_BOOKING_WEEK ( ID_BOOKING_WEEK, ID_BOOKING, ID_BOOKING_STATUS, ID_WEEK, DT_EXHIBITION_END_DATE, NU_EXHIBITION_WEEK, QT_COPY, QT_COPY_SCREEN_ZERO, QT_COPY_SCREEN_ZERO_TERMINATED, FG_SEND, FG_ACTIVE, DT_LAST_MODIFICATION, ID_LAST_USER_MODIFIER) VALUES ( 52, 16, 1, 4, null, 1, 1, 0, 0, 0, 1, '2014-05-29 12:34:00', 1 )
INSERT INTO K_BOOKING_WEEK ( ID_BOOKING_WEEK, ID_BOOKING, ID_BOOKING_STATUS, ID_WEEK, DT_EXHIBITION_END_DATE, NU_EXHIBITION_WEEK, QT_COPY, QT_COPY_SCREEN_ZERO, QT_COPY_SCREEN_ZERO_TERMINATED, FG_SEND, FG_ACTIVE, DT_LAST_MODIFICATION, ID_LAST_USER_MODIFIER) VALUES ( 53, 17, 1, 4, null, 1, 1, 0, 0, 0, 1, '2014-05-29 12:34:00', 1 )
INSERT INTO K_BOOKING_WEEK ( ID_BOOKING_WEEK, ID_BOOKING, ID_BOOKING_STATUS, ID_WEEK, DT_EXHIBITION_END_DATE, NU_EXHIBITION_WEEK, QT_COPY, QT_COPY_SCREEN_ZERO, QT_COPY_SCREEN_ZERO_TERMINATED, FG_SEND, FG_ACTIVE, DT_LAST_MODIFICATION, ID_LAST_USER_MODIFIER) VALUES ( 54, 18, 1, 4, null, 1, 1, 0, 0, 0, 1, '2014-05-29 12:34:00', 1 )
INSERT INTO K_BOOKING_WEEK ( ID_BOOKING_WEEK, ID_BOOKING, ID_BOOKING_STATUS, ID_WEEK, DT_EXHIBITION_END_DATE, NU_EXHIBITION_WEEK, QT_COPY, QT_COPY_SCREEN_ZERO, QT_COPY_SCREEN_ZERO_TERMINATED, FG_SEND, FG_ACTIVE, DT_LAST_MODIFICATION, ID_LAST_USER_MODIFIER) VALUES ( 55, 19, 1, 4, null, 1, 1, 0, 0, 0, 1, '2014-05-29 12:34:00', 1 )
INSERT INTO K_BOOKING_WEEK ( ID_BOOKING_WEEK, ID_BOOKING, ID_BOOKING_STATUS, ID_WEEK, DT_EXHIBITION_END_DATE, NU_EXHIBITION_WEEK, QT_COPY, QT_COPY_SCREEN_ZERO, QT_COPY_SCREEN_ZERO_TERMINATED, FG_SEND, FG_ACTIVE, DT_LAST_MODIFICATION, ID_LAST_USER_MODIFIER) VALUES ( 56, 20, 1, 4, null, 1, 1, 0, 0, 0, 1, '2014-05-29 12:34:00', 1 )
INSERT INTO K_BOOKING_WEEK ( ID_BOOKING_WEEK, ID_BOOKING, ID_BOOKING_STATUS, ID_WEEK, DT_EXHIBITION_END_DATE, NU_EXHIBITION_WEEK, QT_COPY, QT_COPY_SCREEN_ZERO, QT_COPY_SCREEN_ZERO_TERMINATED, FG_SEND, FG_ACTIVE, DT_LAST_MODIFICATION, ID_LAST_USER_MODIFIER) VALUES ( 57, 21, 1, 4, null, 1, 1, 0, 0, 0, 1, '2014-05-29 12:34:00', 1 )
INSERT INTO K_BOOKING_WEEK ( ID_BOOKING_WEEK, ID_BOOKING, ID_BOOKING_STATUS, ID_WEEK, DT_EXHIBITION_END_DATE, NU_EXHIBITION_WEEK, QT_COPY, QT_COPY_SCREEN_ZERO, QT_COPY_SCREEN_ZERO_TERMINATED, FG_SEND, FG_ACTIVE, DT_LAST_MODIFICATION, ID_LAST_USER_MODIFIER) VALUES ( 58, 22, 1, 4, null, 1, 1, 0, 0, 0, 1, '2014-05-29 12:34:00', 1 )
INSERT INTO K_BOOKING_WEEK ( ID_BOOKING_WEEK, ID_BOOKING, ID_BOOKING_STATUS, ID_WEEK, DT_EXHIBITION_END_DATE, NU_EXHIBITION_WEEK, QT_COPY, QT_COPY_SCREEN_ZERO, QT_COPY_SCREEN_ZERO_TERMINATED, FG_SEND, FG_ACTIVE, DT_LAST_MODIFICATION, ID_LAST_USER_MODIFIER) VALUES ( 59, 23, 1, 4, null, 1, 1, 0, 0, 0, 1, '2014-05-29 12:34:00', 1 )
INSERT INTO K_BOOKING_WEEK ( ID_BOOKING_WEEK, ID_BOOKING, ID_BOOKING_STATUS, ID_WEEK, DT_EXHIBITION_END_DATE, NU_EXHIBITION_WEEK, QT_COPY, QT_COPY_SCREEN_ZERO, QT_COPY_SCREEN_ZERO_TERMINATED, FG_SEND, FG_ACTIVE, DT_LAST_MODIFICATION, ID_LAST_USER_MODIFIER) VALUES ( 60, 24, 1, 4, null, 1, 1, 0, 0, 0, 1, '2014-05-29 12:34:00', 1 )
INSERT INTO K_BOOKING_WEEK ( ID_BOOKING_WEEK, ID_BOOKING, ID_BOOKING_STATUS, ID_WEEK, DT_EXHIBITION_END_DATE, NU_EXHIBITION_WEEK, QT_COPY, QT_COPY_SCREEN_ZERO, QT_COPY_SCREEN_ZERO_TERMINATED, FG_SEND, FG_ACTIVE, DT_LAST_MODIFICATION, ID_LAST_USER_MODIFIER) VALUES ( 61, 25, 1, 4, null, 1, 1, 0, 0, 0, 1, '2014-05-29 12:34:00', 1 )

INSERT INTO K_BOOKING_WEEK ( ID_BOOKING_WEEK, ID_BOOKING, ID_BOOKING_STATUS, ID_WEEK, DT_EXHIBITION_END_DATE, NU_EXHIBITION_WEEK, QT_COPY, QT_COPY_SCREEN_ZERO, QT_COPY_SCREEN_ZERO_TERMINATED, FG_SEND, FG_ACTIVE, DT_LAST_MODIFICATION, ID_LAST_USER_MODIFIER) VALUES ( 62, 26, 1, 17, null, 1, 1, 0, 0, 0, 1, '2014-05-29 12:34:00', 1 )
INSERT INTO K_BOOKING_WEEK ( ID_BOOKING_WEEK, ID_BOOKING, ID_BOOKING_STATUS, ID_WEEK, DT_EXHIBITION_END_DATE, NU_EXHIBITION_WEEK, QT_COPY, QT_COPY_SCREEN_ZERO, QT_COPY_SCREEN_ZERO_TERMINATED, FG_SEND, FG_ACTIVE, DT_LAST_MODIFICATION, ID_LAST_USER_MODIFIER) VALUES ( 63, 27, 1, 17, null, 1, 1, 0, 0, 0, 1, '2014-05-29 12:34:00', 1 )
INSERT INTO K_BOOKING_WEEK ( ID_BOOKING_WEEK, ID_BOOKING, ID_BOOKING_STATUS, ID_WEEK, DT_EXHIBITION_END_DATE, NU_EXHIBITION_WEEK, QT_COPY, QT_COPY_SCREEN_ZERO, QT_COPY_SCREEN_ZERO_TERMINATED, FG_SEND, FG_ACTIVE, DT_LAST_MODIFICATION, ID_LAST_USER_MODIFIER) VALUES ( 64, 28, 1, 17, null, 1, 1, 0, 0, 0, 1, '2014-05-29 12:34:00', 1 )
INSERT INTO K_BOOKING_WEEK ( ID_BOOKING_WEEK, ID_BOOKING, ID_BOOKING_STATUS, ID_WEEK, DT_EXHIBITION_END_DATE, NU_EXHIBITION_WEEK, QT_COPY, QT_COPY_SCREEN_ZERO, QT_COPY_SCREEN_ZERO_TERMINATED, FG_SEND, FG_ACTIVE, DT_LAST_MODIFICATION, ID_LAST_USER_MODIFIER) VALUES ( 65, 29, 1, 17, null, 1, 1, 0, 0, 0, 1, '2014-05-29 12:34:00', 1 )

INSERT INTO K_PERSON (ID_PERSON,DS_NAME,DS_LASTNAME,DS_MOTHER_LASTNAME,FG_ACTIVE,DT_LAST_MODIFICATION,ID_LAST_USER_MODIFIER) VALUES (1,'PERSONA 1','PERSONA 1', 'PERSONA 1',1,'2014-04-14',1)
INSERT INTO K_PERSON (ID_PERSON,DS_NAME,DS_LASTNAME,DS_MOTHER_LASTNAME,FG_ACTIVE,DT_LAST_MODIFICATION,ID_LAST_USER_MODIFIER) VALUES (2,'PERSONA 2','PERSONA 2', 'PERSONA 2',1,'2014-04-14',1)
INSERT INTO K_PERSON (ID_PERSON,DS_NAME,DS_LASTNAME,DS_MOTHER_LASTNAME,FG_ACTIVE,DT_LAST_MODIFICATION,ID_LAST_USER_MODIFIER) VALUES (3,'PERSONA 3','PERSONA 3', 'PERSONA 3',1,'2014-04-14',1)
INSERT INTO K_PERSON (ID_PERSON,DS_NAME,DS_LASTNAME,DS_MOTHER_LASTNAME,FG_ACTIVE,DT_LAST_MODIFICATION,ID_LAST_USER_MODIFIER) VALUES (4,'PERSONA 4','PERSONA 4', 'PERSONA 4',1,'2014-04-14',1)
INSERT INTO K_PERSON (ID_PERSON,DS_NAME,DS_LASTNAME,DS_MOTHER_LASTNAME,FG_ACTIVE,DT_LAST_MODIFICATION,ID_LAST_USER_MODIFIER) VALUES (5,'Guillermo','Segura', 'Olivera',1,'2014-04-14',1)
INSERT INTO K_PERSON (ID_PERSON,DS_NAME,DS_LASTNAME,DS_MOTHER_LASTNAME,FG_ACTIVE,DT_LAST_MODIFICATION,ID_LAST_USER_MODIFIER) VALUES (6,'Persona sin rol','Persona sin rol', 'Persona sin rol',1,'2014-04-14',1)

INSERT INTO K_USER (ID_USER,ID_PERSON,DS_USERNAME,FG_ACTIVE,DT_LAST_MODIFICATION,ID_LAST_USER_MODIFIER) VALUES (1,1,'USER 1',1,'2014-04-14',1)
INSERT INTO K_USER (ID_USER,ID_PERSON,DS_USERNAME,FG_ACTIVE,DT_LAST_MODIFICATION,ID_LAST_USER_MODIFIER) VALUES (2,2,'USER 2',1,'2014-04-14',1)
INSERT INTO K_USER (ID_USER,ID_PERSON,DS_USERNAME,FG_ACTIVE,DT_LAST_MODIFICATION,ID_LAST_USER_MODIFIER) VALUES (3,3,'USER 3',1,'2014-04-14',1)
INSERT INTO K_USER (ID_USER,ID_PERSON,DS_USERNAME,FG_ACTIVE,DT_LAST_MODIFICATION,ID_LAST_USER_MODIFIER) VALUES (4,4,'USER 4',1,'2014-04-14',1)
INSERT INTO K_USER (ID_USER,ID_PERSON,DS_USERNAME,FG_ACTIVE,DT_LAST_MODIFICATION,ID_LAST_USER_MODIFIER) VALUES (5,5,'gsegura',1,'2014-04-14',1)
INSERT INTO K_USER (ID_USER,ID_PERSON,DS_USERNAME,FG_ACTIVE,DT_LAST_MODIFICATION,ID_LAST_USER_MODIFIER) VALUES (6,6,'userNoRole',1,'2014-04-14',1)

INSERT INTO K_USER_X_REGION (ID_USER,ID_REGION) VALUES (1,1)
INSERT INTO K_USER_X_REGION ( ID_USER, ID_REGION ) VALUES ( 1, 2 )
INSERT INTO K_USER_X_REGION ( ID_USER, ID_REGION ) VALUES ( 1, 3 )
INSERT INTO K_USER_X_REGION (ID_USER,ID_REGION) VALUES (2,2)
INSERT INTO K_USER_X_REGION (ID_USER,ID_REGION) VALUES (3,3)
INSERT INTO K_USER_X_REGION (ID_USER,ID_REGION) VALUES (4,4)

INSERT INTO K_USER_X_THEATER (ID_USER,ID_THEATER) VALUES (1,1)
INSERT INTO K_USER_X_THEATER (ID_USER,ID_THEATER) VALUES (1,3)
INSERT INTO K_USER_X_THEATER (ID_USER,ID_THEATER) VALUES (2,2)
INSERT INTO K_USER_X_THEATER (ID_USER,ID_THEATER) VALUES (3,3)
INSERT INTO K_USER_X_THEATER (ID_USER,ID_THEATER) VALUES (4,4)

INSERT INTO C_ROLE (ID_ROLE, DS_ROLE, FG_ACTIVE) VALUES (1, 'System administrator', 1)
INSERT INTO C_ROLE (ID_ROLE, DS_ROLE, FG_ACTIVE) VALUES (2, 'Superuser', 1)
INSERT INTO C_ROLE (ID_ROLE, DS_ROLE, FG_ACTIVE) VALUES (3, 'Analyst', 1)
INSERT INTO C_ROLE(ID_ROLE,DS_ROLE,FG_ACTIVE) VALUES (4,'ROLE 4', 1)

INSERT INTO K_ROLE_X_USER (ID_ROLE,ID_USER) VALUES (1,1)
INSERT INTO K_ROLE_X_USER (ID_ROLE,ID_USER) VALUES (2,2)
INSERT INTO K_ROLE_X_USER (ID_ROLE,ID_USER) VALUES (3,3)
INSERT INTO K_ROLE_X_USER (ID_ROLE,ID_USER) VALUES (4,4)
INSERT INTO K_ROLE_X_USER (ID_ROLE, ID_USER) VALUES (1, 5)

INSERT INTO K_EMAIL(ID_EMAIL,ID_PERSON,DS_EMAIL) VALUES (1,1, 'persona1@email.com')
INSERT INTO K_EMAIL(ID_EMAIL,ID_PERSON,DS_EMAIL) VALUES (2,1, 'persona_1@email.com')
INSERT INTO K_EMAIL(ID_EMAIL,ID_PERSON,DS_EMAIL) VALUES (3,2, 'persona2@email.com')
INSERT INTO K_EMAIL(ID_EMAIL,ID_PERSON,DS_EMAIL) VALUES (4,2, 'persona_2@email.com')
INSERT INTO K_EMAIL(ID_EMAIL,ID_PERSON,DS_EMAIL) VALUES (5,3, 'persona3@email.com')
INSERT INTO K_EMAIL(ID_EMAIL,ID_PERSON,DS_EMAIL) VALUES (6,4, 'persona4@email.com')

INSERT INTO K_PERSON_X_THEATER(ID_PERSON,ID_THEATER) VALUES (1,1)
INSERT INTO K_PERSON_X_THEATER(ID_PERSON,ID_THEATER) VALUES (2,2)
INSERT INTO K_PERSON_X_THEATER(ID_PERSON,ID_THEATER) VALUES (3,3)
INSERT INTO K_PERSON_X_THEATER(ID_PERSON,ID_THEATER) VALUES (4,4)

insert into W_CONFIGURATION (ID_CONFIGURATION, DS_PARAMETER, DS_VALUE) values (1, 'currentWeekDaysOffset', '4')
INSERT INTO W_CONFIGURATION (ID_CONFIGURATION, DS_PARAMETER, DS_VALUE) VALUES (2,'EMAIL_HOST','sofac.com.mx')
INSERT INTO W_CONFIGURATION (ID_CONFIGURATION, DS_PARAMETER, DS_VALUE) VALUES (3,'EMAIL_PORT','587')
INSERT INTO W_CONFIGURATION (ID_CONFIGURATION, DS_PARAMETER, DS_VALUE) VALUES (4,'EMAIL_FROM','test@intellego.com.mx')
INSERT INTO W_CONFIGURATION (ID_CONFIGURATION, DS_PARAMETER, DS_VALUE) VALUES (5,'EMAIL_USER','cinepolis')
INSERT INTO W_CONFIGURATION (ID_CONFIGURATION, DS_PARAMETER, DS_VALUE) VALUES (6,'EMAIL_PASSWORD','c1nepol1s')
INSERT INTO W_CONFIGURATION (ID_CONFIGURATION,DS_PARAMETER,DS_VALUE) VALUES (7,'EMAIL_BOOKING_THEATER_BODY','<html><head><title>Mensaje de programaci&oacuten</title></head><body><p><ul><li>Se adjunta archivo con programaci&oacuten, es de suma importancia que respeten el n&uacutemero de pantallas que se les programaron, &uacutenicamente se pueden aumentar salas con autorizaci&oacuten.<li>Favor de dar de alta cada pel&iacutecula por medio de la CLAVE (ID), no del nombre.</ul></body></html>')
INSERT INTO W_CONFIGURATION (ID_CONFIGURATION, DS_PARAMETER, DS_VALUE) VALUES (8,'EMAIL_BOOKING_THEATER_SUBJECT','Semana $weekNumber programada')
INSERT INTO W_CONFIGURATION (ID_CONFIGURATION, DS_PARAMETER, DS_VALUE) VALUES (9,'EMAIL_BOOKING_THEATER_BCC','elba.garcia@intellego.com.mx')
insert into W_CONFIGURATION (ID_CONFIGURATION, DS_PARAMETER, DS_VALUE) values (10, 'EMAIL_BOOKING_REGION_BODY', '<html><body><head><title>Mensaje de programaci&oacuten por regi&oacuten</title><body><p>Estimados<br><br><ul><li>Les envío la programaci&oacuten de la Semana $weekNumber que corre del DIA $startDay a DIA $endDay.<li>Recuerden que es de suma importancia que respeten el n&uacutemero de pantallas que se les programaron, &uacutenicamente se pueden aumentar salas con autorizaci&oacuten.<li>Es muy IMPORTANTE que manden su horarios y peticiones de cambios  para su aprobaci&oacuten antes del <b><u>MARTES</u></b> a las 2:00 PM,  para que tengan a tiempo y correctos sus KDMs y les pido copiar a ANALISTA X ( X@cinepolis.com ) Analista de la zona X<li>Por favor den de alta cada pel&iacutecula por medio de la CLAVE (ID), no del nombre.<li>Se adjunta tambi&eacuten el archivo de Copias y Autorizaciones</ul><p>Saludos<br><p>FIRMA DEL GERENTE DE ZONA O COORDINADOR</body></html>')
insert into W_CONFIGURATION (ID_CONFIGURATION, DS_PARAMETER, DS_VALUE) values (11, 'EMAIL_BOOKING_REGION_SUBJECT', 'Semana $weekNumber programada')
insert into W_CONFIGURATION (ID_CONFIGURATION, DS_PARAMETER, DS_VALUE) values (12, 'EMAIL_BOOKING_REGION_BCC', 'elba.garcia@intellego.com.mx')
insert into W_CONFIGURATION (ID_CONFIGURATION, DS_PARAMETER, DS_VALUE) values (13, 'ldapUrl', 'ldap://192.168.0.78:389/')
insert into W_CONFIGURATION (ID_CONFIGURATION, DS_PARAMETER, DS_VALUE) values (14, 'ldapAuthMethod', 'simple')
insert into W_CONFIGURATION (ID_CONFIGURATION, DS_PARAMETER, DS_VALUE) values (15, 'ldapDn', 'sii')
insert into W_CONFIGURATION (ID_CONFIGURATION, DS_PARAMETER, DS_VALUE) values (16, 'ldapPw', '1nt3ll3g0!')
insert into W_CONFIGURATION (ID_CONFIGURATION, DS_PARAMETER, DS_VALUE) values (17, 'ldapVersion', '3')
insert into W_CONFIGURATION (ID_CONFIGURATION, DS_PARAMETER, DS_VALUE) values (18, 'ldapAt', '@active2.directory.intellego.com.mx')
INSERT INTO W_CONFIGURATION (ID_CONFIGURATION, DS_PARAMETER, DS_VALUE) VALUES (19,'WEEK_TOP_MOVIES','20')
INSERT INTO W_CONFIGURATION (ID_CONFIGURATION, DS_PARAMETER, DS_VALUE) VALUES (20,'WEEK_START_DAY','6')
INSERT INTO W_CONFIGURATION (ID_CONFIGURATION, DS_PARAMETER, DS_VALUE) VALUES (21,'WEEK_FINAL_DAY','5')
INSERT INTO W_CONFIGURATION (ID_CONFIGURATION, DS_PARAMETER, DS_VALUE) VALUES (22,'NUM_WEEKS_OF_YEAR','54')
INSERT INTO W_CONFIGURATION (ID_CONFIGURATION, DS_PARAMETER, DS_VALUE) VALUES (23,'ID_COUNTRY_MX','1')
INSERT INTO W_CONFIGURATION (ID_CONFIGURATION, DS_PARAMETER, DS_VALUE) VALUES (24,'ID_CATEGORY_MOVIE_SOUND','10')
INSERT INTO W_CONFIGURATION (ID_CONFIGURATION, DS_PARAMETER, DS_VALUE) VALUES (25,'ID_CATEGORY_MOVIE_FORMAT','9')
INSERT INTO W_CONFIGURATION (ID_CONFIGURATION, DS_PARAMETER, DS_VALUE) VALUES (26,'ID_DEFAULT_DISTRIBUTOR','1')
INSERT INTO W_CONFIGURATION (ID_CONFIGURATION, DS_PARAMETER, DS_VALUE) VALUES (27,'EDITABLE_DAYS','0')
INSERT INTO W_CONFIGURATION (ID_CONFIGURATION, DS_PARAMETER, DS_VALUE) VALUES (28,'ID_DISTRIBUTOR_SPECIAL_EVENT','14')
INSERT INTO W_CONFIGURATION (ID_CONFIGURATION, DS_PARAMETER, DS_VALUE) VALUES (29,'THEATERS_ALLOWED_DUPLICATE_ID_VISTA','5,311')
INSERT INTO W_CONFIGURATION (ID_CONFIGURATION, DS_PARAMETER, DS_VALUE) VALUES (30,'ID_DISTRIBUTOR_ALTERNATIVE_CONTENT','3')


INSERT INTO K_OBSERVATION ( ID_OBSERVATION, ID_USER, DS_OBSERVATION, FG_ACTIVE, DT_LAST_MODIFICATION, ID_LAST_USER_MODIFIER ) VALUES ( 1, 1, 'Observation 1', 1, '2014-04-22 12:00:00', 1)
INSERT INTO K_OBSERVATION ( ID_OBSERVATION, ID_USER, DS_OBSERVATION, FG_ACTIVE, DT_LAST_MODIFICATION, ID_LAST_USER_MODIFIER ) VALUES ( 2, 1, 'Observation 2', 1, '2014-04-22 12:00:00', 1)
INSERT INTO K_OBSERVATION ( ID_OBSERVATION, ID_USER, DS_OBSERVATION, FG_ACTIVE, DT_LAST_MODIFICATION, ID_LAST_USER_MODIFIER ) VALUES ( 3, 1, 'Observation 3', 1, '2014-04-22 12:00:00', 1)
INSERT INTO K_OBSERVATION ( ID_OBSERVATION, ID_USER, DS_OBSERVATION, FG_ACTIVE, DT_LAST_MODIFICATION, ID_LAST_USER_MODIFIER ) VALUES ( 4, 1, 'Observation 4', 1, '2014-04-22 12:00:00', 1)
INSERT INTO K_OBSERVATION ( ID_OBSERVATION, ID_USER, DS_OBSERVATION, FG_ACTIVE, DT_LAST_MODIFICATION, ID_LAST_USER_MODIFIER ) VALUES ( 5, 1, 'Observation 5', 1, '2014-04-22 12:00:00', 1)
INSERT INTO K_OBSERVATION ( ID_OBSERVATION, ID_USER, DS_OBSERVATION, FG_ACTIVE, DT_LAST_MODIFICATION, ID_LAST_USER_MODIFIER ) VALUES ( 6, 1, 'Observation 6', 1, '2014-04-22 12:00:00', 1)
INSERT INTO K_OBSERVATION ( ID_OBSERVATION, ID_USER, DS_OBSERVATION, FG_ACTIVE, DT_LAST_MODIFICATION, ID_LAST_USER_MODIFIER ) VALUES ( 7, 1, 'Observation 7', 1, '2014-04-22 12:00:00', 1)
INSERT INTO K_OBSERVATION ( ID_OBSERVATION, ID_USER, DS_OBSERVATION, FG_ACTIVE, DT_LAST_MODIFICATION, ID_LAST_USER_MODIFIER ) VALUES ( 8, 1, 'Observation 8', 1, '2014-04-22 12:00:00', 1)
INSERT INTO K_OBSERVATION ( ID_OBSERVATION, ID_USER, DS_OBSERVATION, FG_ACTIVE, DT_LAST_MODIFICATION, ID_LAST_USER_MODIFIER ) VALUES ( 9, 1, 'Observation 9', 1, '2014-04-22 12:00:00', 1)
INSERT INTO K_OBSERVATION ( ID_OBSERVATION, ID_USER, DS_OBSERVATION, FG_ACTIVE, DT_LAST_MODIFICATION, ID_LAST_USER_MODIFIER ) VALUES ( 10, 1, 'Observation 10', 1, '2014-04-22 12:00:00', 1)
INSERT INTO K_OBSERVATION ( ID_OBSERVATION, ID_USER, DS_OBSERVATION, FG_ACTIVE, DT_LAST_MODIFICATION, ID_LAST_USER_MODIFIER ) VALUES ( 11, 1, 'Observation 1', 1, '2014-04-22 12:00:00', 1)
INSERT INTO K_OBSERVATION ( ID_OBSERVATION, ID_USER, DS_OBSERVATION, FG_ACTIVE, DT_LAST_MODIFICATION, ID_LAST_USER_MODIFIER ) VALUES ( 12, 1, 'Observation 2', 1, '2014-04-22 12:00:00', 1)
INSERT INTO K_OBSERVATION ( ID_OBSERVATION, ID_USER, DS_OBSERVATION, FG_ACTIVE, DT_LAST_MODIFICATION, ID_LAST_USER_MODIFIER ) VALUES ( 13, 1, 'Observation 3', 1, '2014-04-22 12:00:00', 1)
INSERT INTO K_OBSERVATION ( ID_OBSERVATION, ID_USER, DS_OBSERVATION, FG_ACTIVE, DT_LAST_MODIFICATION, ID_LAST_USER_MODIFIER ) VALUES ( 14, 1, 'Observation 4', 1, '2014-04-22 12:00:00', 1)
INSERT INTO K_OBSERVATION ( ID_OBSERVATION, ID_USER, DS_OBSERVATION, FG_ACTIVE, DT_LAST_MODIFICATION, ID_LAST_USER_MODIFIER ) VALUES ( 15, 1, 'Observation 5', 1, '2014-04-22 12:00:00', 1)
INSERT INTO K_OBSERVATION ( ID_OBSERVATION, ID_USER, DS_OBSERVATION, FG_ACTIVE, DT_LAST_MODIFICATION, ID_LAST_USER_MODIFIER ) VALUES ( 16, 1, 'Observation 6', 1, '2014-04-22 12:00:00', 1)
INSERT INTO K_OBSERVATION ( ID_OBSERVATION, ID_USER, DS_OBSERVATION, FG_ACTIVE, DT_LAST_MODIFICATION, ID_LAST_USER_MODIFIER ) VALUES ( 17, 1, 'Observation 7', 1, '2014-04-22 12:00:00', 1)
INSERT INTO K_OBSERVATION ( ID_OBSERVATION, ID_USER, DS_OBSERVATION, FG_ACTIVE, DT_LAST_MODIFICATION, ID_LAST_USER_MODIFIER ) VALUES ( 18, 1, 'Observation 8', 1, '2014-04-22 12:00:00', 1)
INSERT INTO K_OBSERVATION ( ID_OBSERVATION, ID_USER, DS_OBSERVATION, FG_ACTIVE, DT_LAST_MODIFICATION, ID_LAST_USER_MODIFIER ) VALUES ( 19, 1, 'Observation 9', 1, '2014-04-22 12:00:00', 1)
INSERT INTO K_OBSERVATION ( ID_OBSERVATION, ID_USER, DS_OBSERVATION, FG_ACTIVE, DT_LAST_MODIFICATION, ID_LAST_USER_MODIFIER ) VALUES ( 20, 1, 'Observation 10', 1, '2014-04-22 12:00:00', 1)


INSERT INTO K_NEWS_FEED ( ID_NEWS_FEED, ID_OBSERVATION, DT_START, DT_END, FG_ACTIVE, DT_LAST_MODIFICATION, ID_LAST_USER_MODIFIER ) VALUES ( 1, 1, '2014-04-01', '2014-04-10', 1, '2014-01-01 12:00:00', 1 )
INSERT INTO K_NEWS_FEED ( ID_NEWS_FEED, ID_OBSERVATION, DT_START, DT_END, FG_ACTIVE, DT_LAST_MODIFICATION, ID_LAST_USER_MODIFIER ) VALUES ( 2, 2, '2014-04-03', '2014-04-12', 1, '2014-01-01 12:00:00', 1 )
INSERT INTO K_NEWS_FEED ( ID_NEWS_FEED, ID_OBSERVATION, DT_START, DT_END, FG_ACTIVE, DT_LAST_MODIFICATION, ID_LAST_USER_MODIFIER ) VALUES ( 3, 3, '2014-04-05', '2014-04-14', 1, '2014-01-01 12:00:00', 1 )
INSERT INTO K_NEWS_FEED ( ID_NEWS_FEED, ID_OBSERVATION, DT_START, DT_END, FG_ACTIVE, DT_LAST_MODIFICATION, ID_LAST_USER_MODIFIER ) VALUES ( 4, 4, '2014-04-07', '2014-04-16', 1, '2014-01-01 12:00:00', 1 )
INSERT INTO K_NEWS_FEED ( ID_NEWS_FEED, ID_OBSERVATION, DT_START, DT_END, FG_ACTIVE, DT_LAST_MODIFICATION, ID_LAST_USER_MODIFIER ) VALUES ( 5, 5, '2014-04-09', '2014-04-18', 1, '2014-01-01 12:00:00', 1 )
INSERT INTO K_NEWS_FEED ( ID_NEWS_FEED, ID_OBSERVATION, DT_START, DT_END, FG_ACTIVE, DT_LAST_MODIFICATION, ID_LAST_USER_MODIFIER ) VALUES ( 6, 6, '2014-04-11', '2014-04-20', 1, '2014-01-01 12:00:00', 1 )
INSERT INTO K_NEWS_FEED ( ID_NEWS_FEED, ID_OBSERVATION, DT_START, DT_END, FG_ACTIVE, DT_LAST_MODIFICATION, ID_LAST_USER_MODIFIER ) VALUES ( 7, 7, '2014-04-13', '2014-04-22', 1, '2014-01-01 12:00:00', 1 )
INSERT INTO K_NEWS_FEED ( ID_NEWS_FEED, ID_OBSERVATION, DT_START, DT_END, FG_ACTIVE, DT_LAST_MODIFICATION, ID_LAST_USER_MODIFIER ) VALUES ( 8, 8, '2014-04-15', '2014-04-24', 1, '2014-01-01 12:00:00', 1 )
INSERT INTO K_NEWS_FEED ( ID_NEWS_FEED, ID_OBSERVATION, DT_START, DT_END, FG_ACTIVE, DT_LAST_MODIFICATION, ID_LAST_USER_MODIFIER ) VALUES ( 9, 9, '2014-04-17', '2014-04-26', 1, '2014-01-01 12:00:00', 1 )
INSERT INTO K_NEWS_FEED ( ID_NEWS_FEED, ID_OBSERVATION, DT_START, DT_END, FG_ACTIVE, DT_LAST_MODIFICATION, ID_LAST_USER_MODIFIER ) VALUES ( 10, 10, '2014-04-19', '2014-04-28', 1, '2014-01-01 12:00:00', 1 )

INSERT INTO K_NEWS_FEED_X_REGION ( ID_NEWS_FEED, ID_REGION ) VALUES ( 1, 1 )
INSERT INTO K_NEWS_FEED_X_REGION ( ID_NEWS_FEED, ID_REGION ) VALUES ( 2, 1 )
INSERT INTO K_NEWS_FEED_X_REGION ( ID_NEWS_FEED, ID_REGION ) VALUES ( 3, 2 )
INSERT INTO K_NEWS_FEED_X_REGION ( ID_NEWS_FEED, ID_REGION ) VALUES ( 4, 2 )
INSERT INTO K_NEWS_FEED_X_REGION ( ID_NEWS_FEED, ID_REGION ) VALUES ( 5, 3 )


INSERT INTO K_PERSON_X_REGION ( ID_PERSON, ID_REGION ) VALUES ( 3, 1 )
INSERT INTO K_PERSON_X_REGION ( ID_PERSON, ID_REGION ) VALUES ( 4, 1 )

INSERT INTO K_BOOKING_WEEK_SCREEN ( ID_BOOKING_WEEK_SCREEN, ID_BOOKING_WEEK, ID_BOOKING_STATUS, ID_SCREEN, ID_OBSERVATION ) VALUES ( 1, 1, 1, 1, 1 )
INSERT INTO K_BOOKING_WEEK_SCREEN ( ID_BOOKING_WEEK_SCREEN, ID_BOOKING_WEEK, ID_BOOKING_STATUS, ID_SCREEN, ID_OBSERVATION ) VALUES ( 2, 2, 1, 4, 2 )
INSERT INTO K_BOOKING_WEEK_SCREEN ( ID_BOOKING_WEEK_SCREEN, ID_BOOKING_WEEK, ID_BOOKING_STATUS, ID_SCREEN, ID_OBSERVATION ) VALUES ( 3, 3, 1, 1, 3 )
INSERT INTO K_BOOKING_WEEK_SCREEN ( ID_BOOKING_WEEK_SCREEN, ID_BOOKING_WEEK, ID_BOOKING_STATUS, ID_SCREEN, ID_OBSERVATION ) VALUES ( 4, 4, 1, 4, 4 )
INSERT INTO K_BOOKING_WEEK_SCREEN ( ID_BOOKING_WEEK_SCREEN, ID_BOOKING_WEEK, ID_BOOKING_STATUS, ID_SCREEN, ID_OBSERVATION ) VALUES ( 5, 5, 1, 1, 5 )
INSERT INTO K_BOOKING_WEEK_SCREEN ( ID_BOOKING_WEEK_SCREEN, ID_BOOKING_WEEK, ID_BOOKING_STATUS, ID_SCREEN, ID_OBSERVATION ) VALUES ( 6, 6, 1, 4, 6 )
INSERT INTO K_BOOKING_WEEK_SCREEN ( ID_BOOKING_WEEK_SCREEN, ID_BOOKING_WEEK, ID_BOOKING_STATUS, ID_SCREEN, ID_OBSERVATION ) VALUES ( 7, 7, 1, 1, 7 )
INSERT INTO K_BOOKING_WEEK_SCREEN ( ID_BOOKING_WEEK_SCREEN, ID_BOOKING_WEEK, ID_BOOKING_STATUS, ID_SCREEN, ID_OBSERVATION ) VALUES ( 8, 8, 1, 4, 8 )
INSERT INTO K_BOOKING_WEEK_SCREEN ( ID_BOOKING_WEEK_SCREEN, ID_BOOKING_WEEK, ID_BOOKING_STATUS, ID_SCREEN, ID_OBSERVATION ) VALUES ( 9, 9, 1, 1, 9 )
INSERT INTO K_BOOKING_WEEK_SCREEN ( ID_BOOKING_WEEK_SCREEN, ID_BOOKING_WEEK, ID_BOOKING_STATUS, ID_SCREEN, ID_OBSERVATION ) VALUES ( 10, 10, 1, 4, 10 )
INSERT INTO K_BOOKING_WEEK_SCREEN ( ID_BOOKING_WEEK_SCREEN, ID_BOOKING_WEEK, ID_BOOKING_STATUS, ID_SCREEN, ID_OBSERVATION ) VALUES ( 11, 11, 1, 1, 11 )
INSERT INTO K_BOOKING_WEEK_SCREEN ( ID_BOOKING_WEEK_SCREEN, ID_BOOKING_WEEK, ID_BOOKING_STATUS, ID_SCREEN, ID_OBSERVATION ) VALUES ( 12, 12, 1, 4, null )
INSERT INTO K_BOOKING_WEEK_SCREEN ( ID_BOOKING_WEEK_SCREEN, ID_BOOKING_WEEK, ID_BOOKING_STATUS, ID_SCREEN, ID_OBSERVATION ) VALUES ( 13, 13, 1, 1, null )
INSERT INTO K_BOOKING_WEEK_SCREEN ( ID_BOOKING_WEEK_SCREEN, ID_BOOKING_WEEK, ID_BOOKING_STATUS, ID_SCREEN, ID_OBSERVATION ) VALUES ( 14, 14, 1, 4, null )
INSERT INTO K_BOOKING_WEEK_SCREEN ( ID_BOOKING_WEEK_SCREEN, ID_BOOKING_WEEK, ID_BOOKING_STATUS, ID_SCREEN, ID_OBSERVATION ) VALUES ( 15, 15, 1, 1, null )
INSERT INTO K_BOOKING_WEEK_SCREEN ( ID_BOOKING_WEEK_SCREEN, ID_BOOKING_WEEK, ID_BOOKING_STATUS, ID_SCREEN, ID_OBSERVATION ) VALUES ( 16, 16, 1, 4, null )
INSERT INTO K_BOOKING_WEEK_SCREEN ( ID_BOOKING_WEEK_SCREEN, ID_BOOKING_WEEK, ID_BOOKING_STATUS, ID_SCREEN, ID_OBSERVATION ) VALUES ( 17, 17, 1, 1, null )
INSERT INTO K_BOOKING_WEEK_SCREEN ( ID_BOOKING_WEEK_SCREEN, ID_BOOKING_WEEK, ID_BOOKING_STATUS, ID_SCREEN, ID_OBSERVATION ) VALUES ( 18, 18, 1, 4, null )
INSERT INTO K_BOOKING_WEEK_SCREEN ( ID_BOOKING_WEEK_SCREEN, ID_BOOKING_WEEK, ID_BOOKING_STATUS, ID_SCREEN, ID_OBSERVATION ) VALUES ( 19, 19, 1, 1, null )
INSERT INTO K_BOOKING_WEEK_SCREEN ( ID_BOOKING_WEEK_SCREEN, ID_BOOKING_WEEK, ID_BOOKING_STATUS, ID_SCREEN, ID_OBSERVATION ) VALUES ( 20, 20, 1, 4, null )
INSERT INTO K_BOOKING_WEEK_SCREEN ( ID_BOOKING_WEEK_SCREEN, ID_BOOKING_WEEK, ID_BOOKING_STATUS, ID_SCREEN, ID_OBSERVATION ) VALUES ( 21, 21, 1, 1, null )
INSERT INTO K_BOOKING_WEEK_SCREEN ( ID_BOOKING_WEEK_SCREEN, ID_BOOKING_WEEK, ID_BOOKING_STATUS, ID_SCREEN, ID_OBSERVATION ) VALUES ( 22, 22, 1, 4, null )
INSERT INTO K_BOOKING_WEEK_SCREEN ( ID_BOOKING_WEEK_SCREEN, ID_BOOKING_WEEK, ID_BOOKING_STATUS, ID_SCREEN, ID_OBSERVATION ) VALUES ( 23, 23, 1, 1, null )
INSERT INTO K_BOOKING_WEEK_SCREEN ( ID_BOOKING_WEEK_SCREEN, ID_BOOKING_WEEK, ID_BOOKING_STATUS, ID_SCREEN, ID_OBSERVATION ) VALUES ( 24, 24, 1, 4, null )
INSERT INTO K_BOOKING_WEEK_SCREEN ( ID_BOOKING_WEEK_SCREEN, ID_BOOKING_WEEK, ID_BOOKING_STATUS, ID_SCREEN, ID_OBSERVATION ) VALUES ( 25, 25, 1, 1, null )
INSERT INTO K_BOOKING_WEEK_SCREEN ( ID_BOOKING_WEEK_SCREEN, ID_BOOKING_WEEK, ID_BOOKING_STATUS, ID_SCREEN, ID_OBSERVATION ) VALUES ( 26, 26, 1, 4, null )
INSERT INTO K_BOOKING_WEEK_SCREEN ( ID_BOOKING_WEEK_SCREEN, ID_BOOKING_WEEK, ID_BOOKING_STATUS, ID_SCREEN, ID_OBSERVATION ) VALUES ( 27, 27, 1, 1, null )
INSERT INTO K_BOOKING_WEEK_SCREEN ( ID_BOOKING_WEEK_SCREEN, ID_BOOKING_WEEK, ID_BOOKING_STATUS, ID_SCREEN, ID_OBSERVATION ) VALUES ( 28, 28, 1, 4, null )
INSERT INTO K_BOOKING_WEEK_SCREEN ( ID_BOOKING_WEEK_SCREEN, ID_BOOKING_WEEK, ID_BOOKING_STATUS, ID_SCREEN, ID_OBSERVATION ) VALUES ( 29, 29, 1, 1, null )
INSERT INTO K_BOOKING_WEEK_SCREEN ( ID_BOOKING_WEEK_SCREEN, ID_BOOKING_WEEK, ID_BOOKING_STATUS, ID_SCREEN, ID_OBSERVATION ) VALUES ( 30, 30, 1, 4, null )
INSERT INTO K_BOOKING_WEEK_SCREEN ( ID_BOOKING_WEEK_SCREEN, ID_BOOKING_WEEK, ID_BOOKING_STATUS, ID_SCREEN, ID_OBSERVATION ) VALUES ( 31, 31, 1, 1, null )
INSERT INTO K_BOOKING_WEEK_SCREEN ( ID_BOOKING_WEEK_SCREEN, ID_BOOKING_WEEK, ID_BOOKING_STATUS, ID_SCREEN, ID_OBSERVATION ) VALUES ( 32, 32, 1, 4, null )
INSERT INTO K_BOOKING_WEEK_SCREEN ( ID_BOOKING_WEEK_SCREEN, ID_BOOKING_WEEK, ID_BOOKING_STATUS, ID_SCREEN, ID_OBSERVATION ) VALUES ( 33, 33, 1, 1, null )
INSERT INTO K_BOOKING_WEEK_SCREEN ( ID_BOOKING_WEEK_SCREEN, ID_BOOKING_WEEK, ID_BOOKING_STATUS, ID_SCREEN, ID_OBSERVATION ) VALUES ( 34, 34, 1, 4, null )
INSERT INTO K_BOOKING_WEEK_SCREEN ( ID_BOOKING_WEEK_SCREEN, ID_BOOKING_WEEK, ID_BOOKING_STATUS, ID_SCREEN, ID_OBSERVATION ) VALUES ( 35, 35, 1, 1, null )
INSERT INTO K_BOOKING_WEEK_SCREEN ( ID_BOOKING_WEEK_SCREEN, ID_BOOKING_WEEK, ID_BOOKING_STATUS, ID_SCREEN, ID_OBSERVATION ) VALUES ( 36, 36, 1, 4, null )
INSERT INTO K_BOOKING_WEEK_SCREEN ( ID_BOOKING_WEEK_SCREEN, ID_BOOKING_WEEK, ID_BOOKING_STATUS, ID_SCREEN, ID_OBSERVATION ) VALUES ( 37, 37, 1, 1, null )
INSERT INTO K_BOOKING_WEEK_SCREEN ( ID_BOOKING_WEEK_SCREEN, ID_BOOKING_WEEK, ID_BOOKING_STATUS, ID_SCREEN, ID_OBSERVATION ) VALUES ( 38, 38, 1, 4, null )
INSERT INTO K_BOOKING_WEEK_SCREEN ( ID_BOOKING_WEEK_SCREEN, ID_BOOKING_WEEK, ID_BOOKING_STATUS, ID_SCREEN, ID_OBSERVATION ) VALUES ( 39, 39, 1, 1, null )
INSERT INTO K_BOOKING_WEEK_SCREEN ( ID_BOOKING_WEEK_SCREEN, ID_BOOKING_WEEK, ID_BOOKING_STATUS, ID_SCREEN, ID_OBSERVATION ) VALUES ( 40, 40, 1, 4, null )
INSERT INTO K_BOOKING_WEEK_SCREEN ( ID_BOOKING_WEEK_SCREEN, ID_BOOKING_WEEK, ID_BOOKING_STATUS, ID_SCREEN, ID_OBSERVATION ) VALUES ( 41, 41, 1, 1, null )
INSERT INTO K_BOOKING_WEEK_SCREEN ( ID_BOOKING_WEEK_SCREEN, ID_BOOKING_WEEK, ID_BOOKING_STATUS, ID_SCREEN, ID_OBSERVATION ) VALUES ( 42, 42, 1, 4, null )
INSERT INTO K_BOOKING_WEEK_SCREEN ( ID_BOOKING_WEEK_SCREEN, ID_BOOKING_WEEK, ID_BOOKING_STATUS, ID_SCREEN, ID_OBSERVATION ) VALUES ( 43, 43, 1, 1, null )
INSERT INTO K_BOOKING_WEEK_SCREEN ( ID_BOOKING_WEEK_SCREEN, ID_BOOKING_WEEK, ID_BOOKING_STATUS, ID_SCREEN, ID_OBSERVATION ) VALUES ( 44, 44, 1, 4, null )
INSERT INTO K_BOOKING_WEEK_SCREEN ( ID_BOOKING_WEEK_SCREEN, ID_BOOKING_WEEK, ID_BOOKING_STATUS, ID_SCREEN, ID_OBSERVATION ) VALUES ( 45, 49, 1, 1, null )

INSERT INTO K_BOOKING_WEEK_SCREEN ( ID_BOOKING_WEEK_SCREEN, ID_BOOKING_WEEK, ID_BOOKING_STATUS, ID_SCREEN, ID_OBSERVATION ) VALUES ( 46, 59, 1, 1, null )
INSERT INTO K_BOOKING_WEEK_SCREEN ( ID_BOOKING_WEEK_SCREEN, ID_BOOKING_WEEK, ID_BOOKING_STATUS, ID_SCREEN, ID_OBSERVATION ) VALUES ( 47, 60, 1, 2, null )
INSERT INTO K_BOOKING_WEEK_SCREEN ( ID_BOOKING_WEEK_SCREEN, ID_BOOKING_WEEK, ID_BOOKING_STATUS, ID_SCREEN, ID_OBSERVATION ) VALUES ( 48, 61, 1, 3, null )
INSERT INTO K_BOOKING_WEEK_SCREEN ( ID_BOOKING_WEEK_SCREEN, ID_BOOKING_WEEK, ID_BOOKING_STATUS, ID_SCREEN, ID_OBSERVATION ) VALUES ( 49, 62, 1, 4, null )


INSERT INTO K_BOOKING_WEEK_SCREEN_SHOW ( ID_BOOKING_WEEK_SCREEN_SHOW, ID_BOOKING_WEEK_SCREEN, NU_SHOW ) VALUES ( 1, 1, 1 )
INSERT INTO K_BOOKING_WEEK_SCREEN_SHOW ( ID_BOOKING_WEEK_SCREEN_SHOW, ID_BOOKING_WEEK_SCREEN, NU_SHOW ) VALUES ( 2, 1, 2 )
INSERT INTO K_BOOKING_WEEK_SCREEN_SHOW ( ID_BOOKING_WEEK_SCREEN_SHOW, ID_BOOKING_WEEK_SCREEN, NU_SHOW ) VALUES ( 3, 1, 3 )
INSERT INTO K_BOOKING_WEEK_SCREEN_SHOW ( ID_BOOKING_WEEK_SCREEN_SHOW, ID_BOOKING_WEEK_SCREEN, NU_SHOW ) VALUES ( 4, 1, 4 )
INSERT INTO K_BOOKING_WEEK_SCREEN_SHOW ( ID_BOOKING_WEEK_SCREEN_SHOW, ID_BOOKING_WEEK_SCREEN, NU_SHOW ) VALUES ( 5, 1, 5 )
INSERT INTO K_BOOKING_WEEK_SCREEN_SHOW ( ID_BOOKING_WEEK_SCREEN_SHOW, ID_BOOKING_WEEK_SCREEN, NU_SHOW ) VALUES ( 6, 2, 1 )
INSERT INTO K_BOOKING_WEEK_SCREEN_SHOW ( ID_BOOKING_WEEK_SCREEN_SHOW, ID_BOOKING_WEEK_SCREEN, NU_SHOW ) VALUES ( 7, 2, 2 )
INSERT INTO K_BOOKING_WEEK_SCREEN_SHOW ( ID_BOOKING_WEEK_SCREEN_SHOW, ID_BOOKING_WEEK_SCREEN, NU_SHOW ) VALUES ( 8, 3, 3 )

INSERT INTO K_BOOKING_SPECIAL_EVENT ( ID_BOOKING_SPECIAL_EVENT, ID_BOOKING, DT_START_SPECIAL_EVENT, DT_END_SPECIAL_EVENT, QT_COPY, FG_ACTIVE, DT_LAST_MODIFICATION, ID_LAST_USER_MODIFIER, ID_BOOKING_STATUS, QT_COPY_SCREEN_ZERO, QT_COPY_SCREEN_ZERO_TERMINATED ) VALUES ( 1, 1,  '2014-11-19 12:34:00', '2014-11-20 12:34:00', 3, 1, '2014-11-19 12:34:00', 1, 1, 0, 0 )
INSERT INTO K_BOOKING_SPECIAL_EVENT ( ID_BOOKING_SPECIAL_EVENT, ID_BOOKING, DT_START_SPECIAL_EVENT, DT_END_SPECIAL_EVENT, QT_COPY, FG_ACTIVE, DT_LAST_MODIFICATION, ID_LAST_USER_MODIFIER, ID_BOOKING_STATUS, QT_COPY_SCREEN_ZERO, QT_COPY_SCREEN_ZERO_TERMINATED ) VALUES ( 2, 1,  '2014-11-19 12:34:00', '2014-11-20 12:34:00', 5, 1, '2014-11-19 12:34:00', 1, 1, 0, 0 )
INSERT INTO K_BOOKING_SPECIAL_EVENT ( ID_BOOKING_SPECIAL_EVENT, ID_BOOKING, DT_START_SPECIAL_EVENT, DT_END_SPECIAL_EVENT, QT_COPY, FG_ACTIVE, DT_LAST_MODIFICATION, ID_LAST_USER_MODIFIER, ID_BOOKING_STATUS, QT_COPY_SCREEN_ZERO, QT_COPY_SCREEN_ZERO_TERMINATED ) VALUES ( 3, 1,  '2014-11-19 12:34:00', '2014-11-20 12:34:00', 6, 1, '2014-11-19 12:34:00', 1, 1, 0, 0 )
INSERT INTO K_BOOKING_SPECIAL_EVENT ( ID_BOOKING_SPECIAL_EVENT, ID_BOOKING, DT_START_SPECIAL_EVENT, DT_END_SPECIAL_EVENT, QT_COPY, FG_ACTIVE, DT_LAST_MODIFICATION, ID_LAST_USER_MODIFIER, ID_BOOKING_STATUS, QT_COPY_SCREEN_ZERO, QT_COPY_SCREEN_ZERO_TERMINATED ) VALUES ( 4, 15, '2014-12-01 17:34:00', '2014-12-05 17:34:00', 2, 1, '2014-12-01 17:34:00', 1, 1, 0, 0 )
INSERT INTO K_BOOKING_SPECIAL_EVENT ( ID_BOOKING_SPECIAL_EVENT, ID_BOOKING, DT_START_SPECIAL_EVENT, DT_END_SPECIAL_EVENT, QT_COPY, FG_ACTIVE, DT_LAST_MODIFICATION, ID_LAST_USER_MODIFIER, ID_BOOKING_STATUS, QT_COPY_SCREEN_ZERO, QT_COPY_SCREEN_ZERO_TERMINATED ) VALUES ( 5, 16, '2014-12-01 17:34:00', '2014-12-05 17:34:00', 2, 1, '2014-12-01 17:34:00', 1, 1, 0, 0 )
INSERT INTO K_BOOKING_SPECIAL_EVENT ( ID_BOOKING_SPECIAL_EVENT, ID_BOOKING, DT_START_SPECIAL_EVENT, DT_END_SPECIAL_EVENT, QT_COPY, FG_ACTIVE, DT_LAST_MODIFICATION, ID_LAST_USER_MODIFIER, ID_BOOKING_STATUS, QT_COPY_SCREEN_ZERO, QT_COPY_SCREEN_ZERO_TERMINATED ) VALUES ( 6, 17, '2014-12-01 17:34:00', '2014-12-05 17:34:00', 2, 1, '2014-12-01 17:34:00', 1, 1, 4, 0 )
INSERT INTO K_BOOKING_SPECIAL_EVENT ( ID_BOOKING_SPECIAL_EVENT, ID_BOOKING, DT_START_SPECIAL_EVENT, DT_END_SPECIAL_EVENT, QT_COPY, FG_ACTIVE, DT_LAST_MODIFICATION, ID_LAST_USER_MODIFIER, ID_BOOKING_STATUS, QT_COPY_SCREEN_ZERO, QT_COPY_SCREEN_ZERO_TERMINATED ) VALUES ( 7, 19, null, null, 2, 1, '2014-12-01 17:34:00', 1, 1, 4, 0 )
INSERT INTO K_BOOKING_SPECIAL_EVENT ( ID_BOOKING_SPECIAL_EVENT, ID_BOOKING, DT_START_SPECIAL_EVENT, DT_END_SPECIAL_EVENT, QT_COPY, FG_ACTIVE, DT_LAST_MODIFICATION, ID_LAST_USER_MODIFIER, ID_BOOKING_STATUS, QT_COPY_SCREEN_ZERO, QT_COPY_SCREEN_ZERO_TERMINATED ) VALUES ( 8, 22,  '2014-11-19 12:34:00', '2014-11-20 12:34:00', 3, 1, '2014-11-19 12:34:00', 1, 1, 0, 0 )
INSERT INTO K_BOOKING_SPECIAL_EVENT ( ID_BOOKING_SPECIAL_EVENT, ID_BOOKING, DT_START_SPECIAL_EVENT, DT_END_SPECIAL_EVENT, QT_COPY, FG_ACTIVE, DT_LAST_MODIFICATION, ID_LAST_USER_MODIFIER, ID_BOOKING_STATUS, QT_COPY_SCREEN_ZERO, QT_COPY_SCREEN_ZERO_TERMINATED ) VALUES ( 9, 23,  '2014-11-19 12:34:00', '2014-11-20 12:34:00', 3, 1, '2014-11-19 12:34:00', 1, 1, 1, 1 )
INSERT INTO K_BOOKING_SPECIAL_EVENT ( ID_BOOKING_SPECIAL_EVENT, ID_BOOKING, DT_START_SPECIAL_EVENT, DT_END_SPECIAL_EVENT, QT_COPY, FG_ACTIVE, DT_LAST_MODIFICATION, ID_LAST_USER_MODIFIER, ID_BOOKING_STATUS, QT_COPY_SCREEN_ZERO, QT_COPY_SCREEN_ZERO_TERMINATED ) VALUES ( 10, 24,  '2014-11-19 12:34:00', '2014-11-20 12:34:00', 3, 1, '2014-11-19 12:34:00', 1, 1, 1, 0 )
INSERT INTO K_BOOKING_SPECIAL_EVENT ( ID_BOOKING_SPECIAL_EVENT, ID_BOOKING, DT_START_SPECIAL_EVENT, DT_END_SPECIAL_EVENT, QT_COPY, FG_ACTIVE, DT_LAST_MODIFICATION, ID_LAST_USER_MODIFIER, ID_BOOKING_STATUS, QT_COPY_SCREEN_ZERO, QT_COPY_SCREEN_ZERO_TERMINATED ) VALUES ( 11, 25,  '2014-11-19 12:34:00', '2014-11-20 12:34:00', 3, 1, '2014-11-19 12:34:00', 1, 1, 0, 2 )


INSERT INTO K_BOOKING_SPECIAL_EVENT_SCREEN ( ID_BOOKING_SPECIAL_EVENT_SCREEN, ID_BOOKING_SPECIAL_EVENT, ID_SCREEN, ID_OBSERVATION, ID_BOOKING_STATUS) VALUES ( 1, 1, 1, 1, 1 )
INSERT INTO K_BOOKING_SPECIAL_EVENT_SCREEN ( ID_BOOKING_SPECIAL_EVENT_SCREEN, ID_BOOKING_SPECIAL_EVENT, ID_SCREEN, ID_OBSERVATION, ID_BOOKING_STATUS) VALUES ( 2, 1, 2, 1, 1 )
INSERT INTO K_BOOKING_SPECIAL_EVENT_SCREEN ( ID_BOOKING_SPECIAL_EVENT_SCREEN, ID_BOOKING_SPECIAL_EVENT, ID_SCREEN, ID_OBSERVATION, ID_BOOKING_STATUS) VALUES ( 3, 2, 1, 1, 1 )
INSERT INTO K_BOOKING_SPECIAL_EVENT_SCREEN ( ID_BOOKING_SPECIAL_EVENT_SCREEN, ID_BOOKING_SPECIAL_EVENT, ID_SCREEN, ID_OBSERVATION, ID_BOOKING_STATUS) VALUES ( 4, 4, 1, 1, 1 )
INSERT INTO K_BOOKING_SPECIAL_EVENT_SCREEN ( ID_BOOKING_SPECIAL_EVENT_SCREEN, ID_BOOKING_SPECIAL_EVENT, ID_SCREEN, ID_OBSERVATION, ID_BOOKING_STATUS) VALUES ( 5, 4, 2, null, 1 )
INSERT INTO K_BOOKING_SPECIAL_EVENT_SCREEN ( ID_BOOKING_SPECIAL_EVENT_SCREEN, ID_BOOKING_SPECIAL_EVENT, ID_SCREEN, ID_OBSERVATION, ID_BOOKING_STATUS) VALUES ( 6, 5, 1, 1, 1 )
INSERT INTO K_BOOKING_SPECIAL_EVENT_SCREEN ( ID_BOOKING_SPECIAL_EVENT_SCREEN, ID_BOOKING_SPECIAL_EVENT, ID_SCREEN, ID_OBSERVATION, ID_BOOKING_STATUS) VALUES ( 7, 6, 4, 1, 1 )
INSERT INTO K_BOOKING_SPECIAL_EVENT_SCREEN ( ID_BOOKING_SPECIAL_EVENT_SCREEN, ID_BOOKING_SPECIAL_EVENT, ID_SCREEN, ID_OBSERVATION, ID_BOOKING_STATUS) VALUES ( 8, 6, 5, 1, 1 )
INSERT INTO K_BOOKING_SPECIAL_EVENT_SCREEN ( ID_BOOKING_SPECIAL_EVENT_SCREEN, ID_BOOKING_SPECIAL_EVENT, ID_SCREEN, ID_OBSERVATION, ID_BOOKING_STATUS) VALUES ( 9, 7, 1, 1, 1 )
INSERT INTO K_BOOKING_SPECIAL_EVENT_SCREEN ( ID_BOOKING_SPECIAL_EVENT_SCREEN, ID_BOOKING_SPECIAL_EVENT, ID_SCREEN, ID_OBSERVATION, ID_BOOKING_STATUS) VALUES ( 10, 5, 2, 2, 1 )
INSERT INTO K_BOOKING_SPECIAL_EVENT_SCREEN ( ID_BOOKING_SPECIAL_EVENT_SCREEN, ID_BOOKING_SPECIAL_EVENT, ID_SCREEN, ID_OBSERVATION, ID_BOOKING_STATUS) VALUES ( 11, 5, 2, 2, 1 )
INSERT INTO K_BOOKING_SPECIAL_EVENT_SCREEN ( ID_BOOKING_SPECIAL_EVENT_SCREEN, ID_BOOKING_SPECIAL_EVENT, ID_SCREEN, ID_OBSERVATION, ID_BOOKING_STATUS) VALUES ( 12, 8, 1, 2, 1 )
INSERT INTO K_BOOKING_SPECIAL_EVENT_SCREEN ( ID_BOOKING_SPECIAL_EVENT_SCREEN, ID_BOOKING_SPECIAL_EVENT, ID_SCREEN, ID_OBSERVATION, ID_BOOKING_STATUS) VALUES ( 13, 8, 2, 2, 1 )
INSERT INTO K_BOOKING_SPECIAL_EVENT_SCREEN ( ID_BOOKING_SPECIAL_EVENT_SCREEN, ID_BOOKING_SPECIAL_EVENT, ID_SCREEN, ID_OBSERVATION, ID_BOOKING_STATUS) VALUES ( 14, 8, 3, 2, 1 )
INSERT INTO K_BOOKING_SPECIAL_EVENT_SCREEN ( ID_BOOKING_SPECIAL_EVENT_SCREEN, ID_BOOKING_SPECIAL_EVENT, ID_SCREEN, ID_OBSERVATION, ID_BOOKING_STATUS) VALUES ( 15, 9, 1, 2, 1 )
INSERT INTO K_BOOKING_SPECIAL_EVENT_SCREEN ( ID_BOOKING_SPECIAL_EVENT_SCREEN, ID_BOOKING_SPECIAL_EVENT, ID_SCREEN, ID_OBSERVATION, ID_BOOKING_STATUS) VALUES ( 16, 9, 2, 2, 1 )
INSERT INTO K_BOOKING_SPECIAL_EVENT_SCREEN ( ID_BOOKING_SPECIAL_EVENT_SCREEN, ID_BOOKING_SPECIAL_EVENT, ID_SCREEN, ID_OBSERVATION, ID_BOOKING_STATUS) VALUES ( 17, 9, 3, 2, 1 )
INSERT INTO K_BOOKING_SPECIAL_EVENT_SCREEN ( ID_BOOKING_SPECIAL_EVENT_SCREEN, ID_BOOKING_SPECIAL_EVENT, ID_SCREEN, ID_OBSERVATION, ID_BOOKING_STATUS) VALUES ( 18, 10, 1, 2, 1 )
INSERT INTO K_BOOKING_SPECIAL_EVENT_SCREEN ( ID_BOOKING_SPECIAL_EVENT_SCREEN, ID_BOOKING_SPECIAL_EVENT, ID_SCREEN, ID_OBSERVATION, ID_BOOKING_STATUS) VALUES ( 19, 10, 2, 2, 1 )
INSERT INTO K_BOOKING_SPECIAL_EVENT_SCREEN ( ID_BOOKING_SPECIAL_EVENT_SCREEN, ID_BOOKING_SPECIAL_EVENT, ID_SCREEN, ID_OBSERVATION, ID_BOOKING_STATUS) VALUES ( 20, 10, 3, 2, 1 )
INSERT INTO K_BOOKING_SPECIAL_EVENT_SCREEN ( ID_BOOKING_SPECIAL_EVENT_SCREEN, ID_BOOKING_SPECIAL_EVENT, ID_SCREEN, ID_OBSERVATION, ID_BOOKING_STATUS) VALUES ( 21, 11, 1, 2, 1 )
INSERT INTO K_BOOKING_SPECIAL_EVENT_SCREEN ( ID_BOOKING_SPECIAL_EVENT_SCREEN, ID_BOOKING_SPECIAL_EVENT, ID_SCREEN, ID_OBSERVATION, ID_BOOKING_STATUS) VALUES ( 22, 11, 2, 2, 1 )
INSERT INTO K_BOOKING_SPECIAL_EVENT_SCREEN ( ID_BOOKING_SPECIAL_EVENT_SCREEN, ID_BOOKING_SPECIAL_EVENT, ID_SCREEN, ID_OBSERVATION, ID_BOOKING_STATUS) VALUES ( 23, 11, 3, 2, 1 )


INSERT INTO K_BOOKING_SPECIAL_EVENT_SCREEN_SHOW ( ID_BOOKING_SPECIAL_EVENT_SCREEN_SHOW, ID_BOOKING_SPECIAL_EVENT_SCREEN, NU_SHOW ) VALUES ( 1, 1, 4 )
INSERT INTO K_BOOKING_SPECIAL_EVENT_SCREEN_SHOW ( ID_BOOKING_SPECIAL_EVENT_SCREEN_SHOW, ID_BOOKING_SPECIAL_EVENT_SCREEN, NU_SHOW ) VALUES ( 2, 2, 3 )
INSERT INTO K_BOOKING_SPECIAL_EVENT_SCREEN_SHOW ( ID_BOOKING_SPECIAL_EVENT_SCREEN_SHOW, ID_BOOKING_SPECIAL_EVENT_SCREEN, NU_SHOW ) VALUES ( 3, 3, 6 )
INSERT INTO K_BOOKING_SPECIAL_EVENT_SCREEN_SHOW ( ID_BOOKING_SPECIAL_EVENT_SCREEN_SHOW, ID_BOOKING_SPECIAL_EVENT_SCREEN, NU_SHOW ) VALUES ( 4, 4, 6 )
INSERT INTO K_BOOKING_SPECIAL_EVENT_SCREEN_SHOW ( ID_BOOKING_SPECIAL_EVENT_SCREEN_SHOW, ID_BOOKING_SPECIAL_EVENT_SCREEN, NU_SHOW ) VALUES ( 5, 5, 6 )
INSERT INTO K_BOOKING_SPECIAL_EVENT_SCREEN_SHOW ( ID_BOOKING_SPECIAL_EVENT_SCREEN_SHOW, ID_BOOKING_SPECIAL_EVENT_SCREEN, NU_SHOW ) VALUES ( 6, 6, 1 )
INSERT INTO K_BOOKING_SPECIAL_EVENT_SCREEN_SHOW ( ID_BOOKING_SPECIAL_EVENT_SCREEN_SHOW, ID_BOOKING_SPECIAL_EVENT_SCREEN, NU_SHOW ) VALUES ( 7, 6, 2 )
INSERT INTO K_BOOKING_SPECIAL_EVENT_SCREEN_SHOW ( ID_BOOKING_SPECIAL_EVENT_SCREEN_SHOW, ID_BOOKING_SPECIAL_EVENT_SCREEN, NU_SHOW ) VALUES ( 8, 10, 1 )
INSERT INTO K_BOOKING_SPECIAL_EVENT_SCREEN_SHOW ( ID_BOOKING_SPECIAL_EVENT_SCREEN_SHOW, ID_BOOKING_SPECIAL_EVENT_SCREEN, NU_SHOW ) VALUES ( 9, 10, 2 )
INSERT INTO K_BOOKING_SPECIAL_EVENT_SCREEN_SHOW ( ID_BOOKING_SPECIAL_EVENT_SCREEN_SHOW, ID_BOOKING_SPECIAL_EVENT_SCREEN, NU_SHOW ) VALUES ( 10, 11, 1 )
INSERT INTO K_BOOKING_SPECIAL_EVENT_SCREEN_SHOW ( ID_BOOKING_SPECIAL_EVENT_SCREEN_SHOW, ID_BOOKING_SPECIAL_EVENT_SCREEN, NU_SHOW ) VALUES ( 11, 11, 2 )
INSERT INTO K_BOOKING_SPECIAL_EVENT_SCREEN_SHOW ( ID_BOOKING_SPECIAL_EVENT_SCREEN_SHOW, ID_BOOKING_SPECIAL_EVENT_SCREEN, NU_SHOW ) VALUES ( 12, 12, 1 )
INSERT INTO K_BOOKING_SPECIAL_EVENT_SCREEN_SHOW ( ID_BOOKING_SPECIAL_EVENT_SCREEN_SHOW, ID_BOOKING_SPECIAL_EVENT_SCREEN, NU_SHOW ) VALUES ( 13, 12, 2 )
INSERT INTO K_BOOKING_SPECIAL_EVENT_SCREEN_SHOW ( ID_BOOKING_SPECIAL_EVENT_SCREEN_SHOW, ID_BOOKING_SPECIAL_EVENT_SCREEN, NU_SHOW ) VALUES ( 14, 13, 1 )
INSERT INTO K_BOOKING_SPECIAL_EVENT_SCREEN_SHOW ( ID_BOOKING_SPECIAL_EVENT_SCREEN_SHOW, ID_BOOKING_SPECIAL_EVENT_SCREEN, NU_SHOW ) VALUES ( 15, 13, 2 )
INSERT INTO K_BOOKING_SPECIAL_EVENT_SCREEN_SHOW ( ID_BOOKING_SPECIAL_EVENT_SCREEN_SHOW, ID_BOOKING_SPECIAL_EVENT_SCREEN, NU_SHOW ) VALUES ( 16, 14, 1 )
INSERT INTO K_BOOKING_SPECIAL_EVENT_SCREEN_SHOW ( ID_BOOKING_SPECIAL_EVENT_SCREEN_SHOW, ID_BOOKING_SPECIAL_EVENT_SCREEN, NU_SHOW ) VALUES ( 17, 14, 2 )
INSERT INTO K_BOOKING_SPECIAL_EVENT_SCREEN_SHOW ( ID_BOOKING_SPECIAL_EVENT_SCREEN_SHOW, ID_BOOKING_SPECIAL_EVENT_SCREEN, NU_SHOW ) VALUES ( 18, 15, 1 )
INSERT INTO K_BOOKING_SPECIAL_EVENT_SCREEN_SHOW ( ID_BOOKING_SPECIAL_EVENT_SCREEN_SHOW, ID_BOOKING_SPECIAL_EVENT_SCREEN, NU_SHOW ) VALUES ( 19, 15, 2 )
INSERT INTO K_BOOKING_SPECIAL_EVENT_SCREEN_SHOW ( ID_BOOKING_SPECIAL_EVENT_SCREEN_SHOW, ID_BOOKING_SPECIAL_EVENT_SCREEN, NU_SHOW ) VALUES ( 20, 16, 1 )
INSERT INTO K_BOOKING_SPECIAL_EVENT_SCREEN_SHOW ( ID_BOOKING_SPECIAL_EVENT_SCREEN_SHOW, ID_BOOKING_SPECIAL_EVENT_SCREEN, NU_SHOW ) VALUES ( 21, 16, 2 )
INSERT INTO K_BOOKING_SPECIAL_EVENT_SCREEN_SHOW ( ID_BOOKING_SPECIAL_EVENT_SCREEN_SHOW, ID_BOOKING_SPECIAL_EVENT_SCREEN, NU_SHOW ) VALUES ( 22, 17, 1 )
INSERT INTO K_BOOKING_SPECIAL_EVENT_SCREEN_SHOW ( ID_BOOKING_SPECIAL_EVENT_SCREEN_SHOW, ID_BOOKING_SPECIAL_EVENT_SCREEN, NU_SHOW ) VALUES ( 23, 17, 2 )
INSERT INTO K_BOOKING_SPECIAL_EVENT_SCREEN_SHOW ( ID_BOOKING_SPECIAL_EVENT_SCREEN_SHOW, ID_BOOKING_SPECIAL_EVENT_SCREEN, NU_SHOW ) VALUES ( 24, 18, 1 )
INSERT INTO K_BOOKING_SPECIAL_EVENT_SCREEN_SHOW ( ID_BOOKING_SPECIAL_EVENT_SCREEN_SHOW, ID_BOOKING_SPECIAL_EVENT_SCREEN, NU_SHOW ) VALUES ( 25, 18, 2 )
INSERT INTO K_BOOKING_SPECIAL_EVENT_SCREEN_SHOW ( ID_BOOKING_SPECIAL_EVENT_SCREEN_SHOW, ID_BOOKING_SPECIAL_EVENT_SCREEN, NU_SHOW ) VALUES ( 26, 19, 1 )
INSERT INTO K_BOOKING_SPECIAL_EVENT_SCREEN_SHOW ( ID_BOOKING_SPECIAL_EVENT_SCREEN_SHOW, ID_BOOKING_SPECIAL_EVENT_SCREEN, NU_SHOW ) VALUES ( 27, 20, 2 )
INSERT INTO K_BOOKING_SPECIAL_EVENT_SCREEN_SHOW ( ID_BOOKING_SPECIAL_EVENT_SCREEN_SHOW, ID_BOOKING_SPECIAL_EVENT_SCREEN, NU_SHOW ) VALUES ( 28, 21, 1 )
INSERT INTO K_BOOKING_SPECIAL_EVENT_SCREEN_SHOW ( ID_BOOKING_SPECIAL_EVENT_SCREEN_SHOW, ID_BOOKING_SPECIAL_EVENT_SCREEN, NU_SHOW ) VALUES ( 29, 22, 2 )

INSERT INTO K_SPECIAL_EVENT_WEEK ( ID_SPECIAL_EVENT_WEEK, ID_BOOKING_SPECIAL_EVENT, ID_WEEK, FG_ACTIVE, ID_LAST_USER_MODIFIER, DT_LAST_MODIFICATION ) VALUES ( 1, 1, 1, 1, 1, '2014-12-12 12:00:00' );
INSERT INTO K_SPECIAL_EVENT_WEEK ( ID_SPECIAL_EVENT_WEEK, ID_BOOKING_SPECIAL_EVENT, ID_WEEK, FG_ACTIVE, ID_LAST_USER_MODIFIER, DT_LAST_MODIFICATION ) VALUES ( 2, 2, 2, 1, 1, '2014-12-12 12:00:00' )
INSERT INTO K_SPECIAL_EVENT_WEEK ( ID_SPECIAL_EVENT_WEEK, ID_BOOKING_SPECIAL_EVENT, ID_WEEK, FG_ACTIVE, ID_LAST_USER_MODIFIER, DT_LAST_MODIFICATION ) VALUES ( 3, 3, 3, 1, 1, '2014-12-12 12:00:00' )
INSERT INTO K_SPECIAL_EVENT_WEEK ( ID_SPECIAL_EVENT_WEEK, ID_BOOKING_SPECIAL_EVENT, ID_WEEK, FG_ACTIVE, ID_LAST_USER_MODIFIER, DT_LAST_MODIFICATION ) VALUES ( 4, 4, 4, 1, 1, '2014-12-12 12:00:00' )
INSERT INTO K_SPECIAL_EVENT_WEEK ( ID_SPECIAL_EVENT_WEEK, ID_BOOKING_SPECIAL_EVENT, ID_WEEK, FG_ACTIVE, ID_LAST_USER_MODIFIER, DT_LAST_MODIFICATION ) VALUES ( 5, 5, 4, 1, 1, '2014-12-12 12:00:00' )
INSERT INTO K_SPECIAL_EVENT_WEEK ( ID_SPECIAL_EVENT_WEEK, ID_BOOKING_SPECIAL_EVENT, ID_WEEK, FG_ACTIVE, ID_LAST_USER_MODIFIER, DT_LAST_MODIFICATION ) VALUES ( 6, 6, 4, 1, 1, '2014-12-12 12:00:00' )
INSERT INTO K_SPECIAL_EVENT_WEEK ( ID_SPECIAL_EVENT_WEEK, ID_BOOKING_SPECIAL_EVENT, ID_WEEK, FG_ACTIVE, ID_LAST_USER_MODIFIER, DT_LAST_MODIFICATION ) VALUES ( 7, 7, 4, 1, 1, '2014-12-12 12:00:00' )
INSERT INTO K_SPECIAL_EVENT_WEEK ( ID_SPECIAL_EVENT_WEEK, ID_BOOKING_SPECIAL_EVENT, ID_WEEK, FG_ACTIVE, ID_LAST_USER_MODIFIER, DT_LAST_MODIFICATION ) VALUES ( 8, 8, 4, 1, 1, '2014-12-12 12:00:00' )
INSERT INTO K_SPECIAL_EVENT_WEEK ( ID_SPECIAL_EVENT_WEEK, ID_BOOKING_SPECIAL_EVENT, ID_WEEK, FG_ACTIVE, ID_LAST_USER_MODIFIER, DT_LAST_MODIFICATION ) VALUES ( 9, 9, 4, 1, 1, '2014-12-12 12:00:00' )
INSERT INTO K_SPECIAL_EVENT_WEEK ( ID_SPECIAL_EVENT_WEEK, ID_BOOKING_SPECIAL_EVENT, ID_WEEK, FG_ACTIVE, ID_LAST_USER_MODIFIER, DT_LAST_MODIFICATION ) VALUES ( 10, 10, 4, 1, 1, '2014-12-12 12:00:00' )
INSERT INTO K_SPECIAL_EVENT_WEEK ( ID_SPECIAL_EVENT_WEEK, ID_BOOKING_SPECIAL_EVENT, ID_WEEK, FG_ACTIVE, ID_LAST_USER_MODIFIER, DT_LAST_MODIFICATION ) VALUES ( 11, 11, 4, 1, 1, '2014-12-12 12:00:00' )
INSERT INTO K_SPECIAL_EVENT_WEEK ( ID_SPECIAL_EVENT_WEEK, ID_BOOKING_SPECIAL_EVENT, ID_WEEK, FG_ACTIVE, ID_LAST_USER_MODIFIER, DT_LAST_MODIFICATION ) VALUES ( 12, 8, 4, 1, 1, '2014-12-12 12:00:00' )
INSERT INTO K_SPECIAL_EVENT_WEEK ( ID_SPECIAL_EVENT_WEEK, ID_BOOKING_SPECIAL_EVENT, ID_WEEK, FG_ACTIVE, ID_LAST_USER_MODIFIER, DT_LAST_MODIFICATION ) VALUES ( 13, 9, 4, 1, 1, '2014-12-12 12:00:00' )
INSERT INTO K_SPECIAL_EVENT_WEEK ( ID_SPECIAL_EVENT_WEEK, ID_BOOKING_SPECIAL_EVENT, ID_WEEK, FG_ACTIVE, ID_LAST_USER_MODIFIER, DT_LAST_MODIFICATION ) VALUES ( 14, 10, 4, 1, 1, '2014-12-12 12:00:00' )
INSERT INTO K_SPECIAL_EVENT_WEEK ( ID_SPECIAL_EVENT_WEEK, ID_BOOKING_SPECIAL_EVENT, ID_WEEK, FG_ACTIVE, ID_LAST_USER_MODIFIER, DT_LAST_MODIFICATION ) VALUES ( 15, 11, 4, 1, 1, '2014-12-12 12:00:00' )

INSERT INTO C_SYSTEM_MENU (ID_SYSTEM_MENU, ID_PARENT_SYSTEM_MENU, NU_ORDER, DS_SYSTEM_MENU_URL, DS_SYSTEM_MENU_ICON, FG_FUNCTION, FG_ACTIVE) VALUES (1, null, 1, '/views/home/home.do', 'ui-icon-star', 1, 1)
INSERT INTO C_SYSTEM_MENU (ID_SYSTEM_MENU, ID_PARENT_SYSTEM_MENU, NU_ORDER, DS_SYSTEM_MENU_URL, DS_SYSTEM_MENU_ICON, FG_FUNCTION, FG_ACTIVE) VALUES (3, null, 2, null, 'ui-icon-film', false, 1)
INSERT INTO C_SYSTEM_MENU (ID_SYSTEM_MENU, ID_PARENT_SYSTEM_MENU, NU_ORDER, DS_SYSTEM_MENU_URL, DS_SYSTEM_MENU_ICON, FG_FUNCTION, FG_ACTIVE) VALUES (4, null, 3, null, 'ui-icon-video', false, 1)
INSERT INTO C_SYSTEM_MENU (ID_SYSTEM_MENU, ID_PARENT_SYSTEM_MENU, NU_ORDER, DS_SYSTEM_MENU_URL, DS_SYSTEM_MENU_ICON, FG_FUNCTION, FG_ACTIVE) VALUES (5, null, 4, null, 'ui-icon-note', false, 1)
INSERT INTO C_SYSTEM_MENU (ID_SYSTEM_MENU, ID_PARENT_SYSTEM_MENU, NU_ORDER, DS_SYSTEM_MENU_URL, DS_SYSTEM_MENU_ICON, FG_FUNCTION, FG_ACTIVE) VALUES (6, 3, 1, '/views/booking/movie/movieBooking.do', null, 1, 1)
INSERT INTO C_SYSTEM_MENU (ID_SYSTEM_MENU, ID_PARENT_SYSTEM_MENU, NU_ORDER, DS_SYSTEM_MENU_URL, DS_SYSTEM_MENU_ICON, FG_FUNCTION, FG_ACTIVE) VALUES (7, 3, 2, '/views/booking/theater/theaterBooking.do', null, 1, 1)
INSERT INTO C_SYSTEM_MENU (ID_SYSTEM_MENU, ID_PARENT_SYSTEM_MENU, NU_ORDER, DS_SYSTEM_MENU_URL, DS_SYSTEM_MENU_ICON, FG_FUNCTION, FG_ACTIVE) VALUES (8, 4, 1, '/views/reports/sendemailtheaters/sendEmailTheaters.do', null, 1, 1)
INSERT INTO C_SYSTEM_MENU (ID_SYSTEM_MENU, ID_PARENT_SYSTEM_MENU, NU_ORDER, DS_SYSTEM_MENU_URL, DS_SYSTEM_MENU_ICON, FG_FUNCTION, FG_ACTIVE) VALUES (9, 4, 2, '/views/reports/sendemailregion/sendEmailRegion.do', null, 1, 1)
INSERT INTO C_SYSTEM_MENU (ID_SYSTEM_MENU, ID_PARENT_SYSTEM_MENU, NU_ORDER, DS_SYSTEM_MENU_URL, DS_SYSTEM_MENU_ICON, FG_FUNCTION, FG_ACTIVE) VALUES (10, 4, 3, '/views/reports/distributorsReport/distributorsReport.do', null, 1, 1)
INSERT INTO C_SYSTEM_MENU (ID_SYSTEM_MENU, ID_PARENT_SYSTEM_MENU, NU_ORDER, DS_SYSTEM_MENU_URL, DS_SYSTEM_MENU_ICON, FG_FUNCTION, FG_ACTIVE) VALUES (11, 5, 1, '/views/data/distributors/distributors.do', null, 1, 1)
INSERT INTO C_SYSTEM_MENU (ID_SYSTEM_MENU, ID_PARENT_SYSTEM_MENU, NU_ORDER, DS_SYSTEM_MENU_URL, DS_SYSTEM_MENU_ICON, FG_FUNCTION, FG_ACTIVE) VALUES (12, 5, 2, '/views/data/movieformats/movieFormats.do', null, 1, 1)
INSERT INTO C_SYSTEM_MENU (ID_SYSTEM_MENU, ID_PARENT_SYSTEM_MENU, NU_ORDER, DS_SYSTEM_MENU_URL, DS_SYSTEM_MENU_ICON, FG_FUNCTION, FG_ACTIVE) VALUES (13, 5, 3, '/views/data/movies/movies.do', null, 1, 1)
INSERT INTO C_SYSTEM_MENU (ID_SYSTEM_MENU, ID_PARENT_SYSTEM_MENU, NU_ORDER, DS_SYSTEM_MENU_URL, DS_SYSTEM_MENU_ICON, FG_FUNCTION, FG_ACTIVE) VALUES (14, 5, 4, '/views/data/soundformats/soundFormats.do', null, 1, 1)
INSERT INTO C_SYSTEM_MENU (ID_SYSTEM_MENU, ID_PARENT_SYSTEM_MENU, NU_ORDER, DS_SYSTEM_MENU_URL, DS_SYSTEM_MENU_ICON, FG_FUNCTION, FG_ACTIVE) VALUES (15, 5, 5, '/views/data/screenformats/screenFormats.do', null, 1, 1)
INSERT INTO C_SYSTEM_MENU (ID_SYSTEM_MENU, ID_PARENT_SYSTEM_MENU, NU_ORDER, DS_SYSTEM_MENU_URL, DS_SYSTEM_MENU_ICON, FG_FUNCTION, FG_ACTIVE) VALUES (16, 5, 6, '/views/data/regions/theaterRegions.do', null, 1, 1)
INSERT INTO C_SYSTEM_MENU (ID_SYSTEM_MENU, ID_PARENT_SYSTEM_MENU, NU_ORDER, DS_SYSTEM_MENU_URL, DS_SYSTEM_MENU_ICON, FG_FUNCTION, FG_ACTIVE) VALUES (17, 5, 7, '/views/data/theaters/theaters.do', null, 1, 1)

INSERT INTO C_SYSTEM_MENU_LANGUAGE (ID_SYSTEM_MENU_LANGUAGE, ID_SYSTEM_MENU, ID_LANGUAGE, DS_NAME) VALUES (1, 1, 1, 'Home')
INSERT INTO C_SYSTEM_MENU_LANGUAGE (ID_SYSTEM_MENU_LANGUAGE, ID_SYSTEM_MENU, ID_LANGUAGE, DS_NAME) VALUES (2, 3, 1, 'Booking')
INSERT INTO C_SYSTEM_MENU_LANGUAGE (ID_SYSTEM_MENU_LANGUAGE, ID_SYSTEM_MENU, ID_LANGUAGE, DS_NAME) VALUES (3, 4, 1, 'Reports')
INSERT INTO C_SYSTEM_MENU_LANGUAGE (ID_SYSTEM_MENU_LANGUAGE, ID_SYSTEM_MENU, ID_LANGUAGE, DS_NAME) VALUES (4, 5, 1, 'Data')
INSERT INTO C_SYSTEM_MENU_LANGUAGE (ID_SYSTEM_MENU_LANGUAGE, ID_SYSTEM_MENU, ID_LANGUAGE, DS_NAME) VALUES (5, 6, 1, 'Movie')
INSERT INTO C_SYSTEM_MENU_LANGUAGE (ID_SYSTEM_MENU_LANGUAGE, ID_SYSTEM_MENU, ID_LANGUAGE, DS_NAME) VALUES (6, 7, 1, 'Theater')
INSERT INTO C_SYSTEM_MENU_LANGUAGE (ID_SYSTEM_MENU_LANGUAGE, ID_SYSTEM_MENU, ID_LANGUAGE, DS_NAME) VALUES (7, 8, 1, 'Send Email Theaters')
INSERT INTO C_SYSTEM_MENU_LANGUAGE (ID_SYSTEM_MENU_LANGUAGE, ID_SYSTEM_MENU, ID_LANGUAGE, DS_NAME) VALUES (8, 9, 1, 'Send Email Region')
INSERT INTO C_SYSTEM_MENU_LANGUAGE (ID_SYSTEM_MENU_LANGUAGE, ID_SYSTEM_MENU, ID_LANGUAGE, DS_NAME) VALUES (9, 10, 1, 'Distributors')
INSERT INTO C_SYSTEM_MENU_LANGUAGE (ID_SYSTEM_MENU_LANGUAGE, ID_SYSTEM_MENU, ID_LANGUAGE, DS_NAME) VALUES (10, 11, 1, 'Distributor')
INSERT INTO C_SYSTEM_MENU_LANGUAGE (ID_SYSTEM_MENU_LANGUAGE, ID_SYSTEM_MENU, ID_LANGUAGE, DS_NAME) VALUES (11, 12, 1, 'Movie Formats')
INSERT INTO C_SYSTEM_MENU_LANGUAGE (ID_SYSTEM_MENU_LANGUAGE, ID_SYSTEM_MENU, ID_LANGUAGE, DS_NAME) VALUES (12, 13, 1, 'Movies')
INSERT INTO C_SYSTEM_MENU_LANGUAGE (ID_SYSTEM_MENU_LANGUAGE, ID_SYSTEM_MENU, ID_LANGUAGE, DS_NAME) VALUES (13, 14, 1, 'Sound Formats')
INSERT INTO C_SYSTEM_MENU_LANGUAGE (ID_SYSTEM_MENU_LANGUAGE, ID_SYSTEM_MENU, ID_LANGUAGE, DS_NAME) VALUES (14, 15, 1, 'Screen Formats')
INSERT INTO C_SYSTEM_MENU_LANGUAGE (ID_SYSTEM_MENU_LANGUAGE, ID_SYSTEM_MENU, ID_LANGUAGE, DS_NAME) VALUES (15, 16, 1, 'Theater Regions')
INSERT INTO C_SYSTEM_MENU_LANGUAGE (ID_SYSTEM_MENU_LANGUAGE, ID_SYSTEM_MENU, ID_LANGUAGE, DS_NAME) VALUES (16, 17, 1, 'Theaters')
INSERT INTO C_SYSTEM_MENU_LANGUAGE (ID_SYSTEM_MENU_LANGUAGE, ID_SYSTEM_MENU, ID_LANGUAGE, DS_NAME) VALUES (17, 1, 2, 'Inicio')
INSERT INTO C_SYSTEM_MENU_LANGUAGE (ID_SYSTEM_MENU_LANGUAGE, ID_SYSTEM_MENU, ID_LANGUAGE, DS_NAME) VALUES (18, 3, 2, 'Programación')
INSERT INTO C_SYSTEM_MENU_LANGUAGE (ID_SYSTEM_MENU_LANGUAGE, ID_SYSTEM_MENU, ID_LANGUAGE, DS_NAME) VALUES (19, 4, 2, 'Reportes')
INSERT INTO C_SYSTEM_MENU_LANGUAGE (ID_SYSTEM_MENU_LANGUAGE, ID_SYSTEM_MENU, ID_LANGUAGE, DS_NAME) VALUES (20, 5, 2, 'Datos')
INSERT INTO C_SYSTEM_MENU_LANGUAGE (ID_SYSTEM_MENU_LANGUAGE, ID_SYSTEM_MENU, ID_LANGUAGE, DS_NAME) VALUES (21, 6, 2, 'Películas')
INSERT INTO C_SYSTEM_MENU_LANGUAGE (ID_SYSTEM_MENU_LANGUAGE, ID_SYSTEM_MENU, ID_LANGUAGE, DS_NAME) VALUES (22, 7, 2, 'Cines')
INSERT INTO C_SYSTEM_MENU_LANGUAGE (ID_SYSTEM_MENU_LANGUAGE, ID_SYSTEM_MENU, ID_LANGUAGE, DS_NAME) VALUES (23, 8, 2, 'Envío Correo Cines')
INSERT INTO C_SYSTEM_MENU_LANGUAGE (ID_SYSTEM_MENU_LANGUAGE, ID_SYSTEM_MENU, ID_LANGUAGE, DS_NAME) VALUES (24, 9, 2, 'Envío Correo Regiones')
INSERT INTO C_SYSTEM_MENU_LANGUAGE (ID_SYSTEM_MENU_LANGUAGE, ID_SYSTEM_MENU, ID_LANGUAGE, DS_NAME) VALUES (25, 10, 2, 'Distribuidores')
INSERT INTO C_SYSTEM_MENU_LANGUAGE (ID_SYSTEM_MENU_LANGUAGE, ID_SYSTEM_MENU, ID_LANGUAGE, DS_NAME) VALUES (26, 11, 2, 'Distribuidor')
INSERT INTO C_SYSTEM_MENU_LANGUAGE (ID_SYSTEM_MENU_LANGUAGE, ID_SYSTEM_MENU, ID_LANGUAGE, DS_NAME) VALUES (27, 12, 2, 'Formatos de Película')
INSERT INTO C_SYSTEM_MENU_LANGUAGE (ID_SYSTEM_MENU_LANGUAGE, ID_SYSTEM_MENU, ID_LANGUAGE, DS_NAME) VALUES (28, 13, 2, 'Películas')
INSERT INTO C_SYSTEM_MENU_LANGUAGE (ID_SYSTEM_MENU_LANGUAGE, ID_SYSTEM_MENU, ID_LANGUAGE, DS_NAME) VALUES (29, 14, 2, 'Formatos de Sonido')
INSERT INTO C_SYSTEM_MENU_LANGUAGE (ID_SYSTEM_MENU_LANGUAGE, ID_SYSTEM_MENU, ID_LANGUAGE, DS_NAME) VALUES (30, 15, 2, 'Formatos de Sala')
INSERT INTO C_SYSTEM_MENU_LANGUAGE (ID_SYSTEM_MENU_LANGUAGE, ID_SYSTEM_MENU, ID_LANGUAGE, DS_NAME) VALUES (31, 16, 2, 'Regiones de Cines')
INSERT INTO C_SYSTEM_MENU_LANGUAGE (ID_SYSTEM_MENU_LANGUAGE, ID_SYSTEM_MENU, ID_LANGUAGE, DS_NAME) VALUES (32, 17, 2, 'Cines')

INSERT INTO C_SYSTEM_MENU_X_ROLE (ID_SYSTEM_MENU, ID_ROLE) VALUES (1, 1)
INSERT INTO C_SYSTEM_MENU_X_ROLE (ID_SYSTEM_MENU, ID_ROLE) VALUES (1, 2)
INSERT INTO C_SYSTEM_MENU_X_ROLE (ID_SYSTEM_MENU, ID_ROLE) VALUES (1, 3)
INSERT INTO C_SYSTEM_MENU_X_ROLE (ID_SYSTEM_MENU, ID_ROLE) VALUES (3, 2)
INSERT INTO C_SYSTEM_MENU_X_ROLE (ID_SYSTEM_MENU, ID_ROLE) VALUES (3, 3)
INSERT INTO C_SYSTEM_MENU_X_ROLE (ID_SYSTEM_MENU, ID_ROLE) VALUES (4, 1)
INSERT INTO C_SYSTEM_MENU_X_ROLE (ID_SYSTEM_MENU, ID_ROLE) VALUES (4, 2)
INSERT INTO C_SYSTEM_MENU_X_ROLE (ID_SYSTEM_MENU, ID_ROLE) VALUES (4, 3)
INSERT INTO C_SYSTEM_MENU_X_ROLE (ID_SYSTEM_MENU, ID_ROLE) VALUES (5, 1)
INSERT INTO C_SYSTEM_MENU_X_ROLE (ID_SYSTEM_MENU, ID_ROLE) VALUES (5, 2)
INSERT INTO C_SYSTEM_MENU_X_ROLE (ID_SYSTEM_MENU, ID_ROLE) VALUES (6, 2)
INSERT INTO C_SYSTEM_MENU_X_ROLE (ID_SYSTEM_MENU, ID_ROLE) VALUES (6, 3)
INSERT INTO C_SYSTEM_MENU_X_ROLE (ID_SYSTEM_MENU, ID_ROLE) VALUES (7, 2)
INSERT INTO C_SYSTEM_MENU_X_ROLE (ID_SYSTEM_MENU, ID_ROLE) VALUES (7, 3)
INSERT INTO C_SYSTEM_MENU_X_ROLE (ID_SYSTEM_MENU, ID_ROLE) VALUES (8, 1)
INSERT INTO C_SYSTEM_MENU_X_ROLE (ID_SYSTEM_MENU, ID_ROLE) VALUES (8, 2)
INSERT INTO C_SYSTEM_MENU_X_ROLE (ID_SYSTEM_MENU, ID_ROLE) VALUES (8, 3)
INSERT INTO C_SYSTEM_MENU_X_ROLE (ID_SYSTEM_MENU, ID_ROLE) VALUES (9, 1)
INSERT INTO C_SYSTEM_MENU_X_ROLE (ID_SYSTEM_MENU, ID_ROLE) VALUES (9, 2)
INSERT INTO C_SYSTEM_MENU_X_ROLE (ID_SYSTEM_MENU, ID_ROLE) VALUES (9, 3)
INSERT INTO C_SYSTEM_MENU_X_ROLE (ID_SYSTEM_MENU, ID_ROLE) VALUES (10, 1)
INSERT INTO C_SYSTEM_MENU_X_ROLE (ID_SYSTEM_MENU, ID_ROLE) VALUES (10, 2)
INSERT INTO C_SYSTEM_MENU_X_ROLE (ID_SYSTEM_MENU, ID_ROLE) VALUES (10, 3)
INSERT INTO C_SYSTEM_MENU_X_ROLE (ID_SYSTEM_MENU, ID_ROLE) VALUES (11, 1)
INSERT INTO C_SYSTEM_MENU_X_ROLE (ID_SYSTEM_MENU, ID_ROLE) VALUES (11, 2)
INSERT INTO C_SYSTEM_MENU_X_ROLE (ID_SYSTEM_MENU, ID_ROLE) VALUES (12, 1)
INSERT INTO C_SYSTEM_MENU_X_ROLE (ID_SYSTEM_MENU, ID_ROLE) VALUES (12, 2)
INSERT INTO C_SYSTEM_MENU_X_ROLE (ID_SYSTEM_MENU, ID_ROLE) VALUES (13, 1)
INSERT INTO C_SYSTEM_MENU_X_ROLE (ID_SYSTEM_MENU, ID_ROLE) VALUES (13, 2)
INSERT INTO C_SYSTEM_MENU_X_ROLE (ID_SYSTEM_MENU, ID_ROLE) VALUES (14, 1)
INSERT INTO C_SYSTEM_MENU_X_ROLE (ID_SYSTEM_MENU, ID_ROLE) VALUES (14, 2)
INSERT INTO C_SYSTEM_MENU_X_ROLE (ID_SYSTEM_MENU, ID_ROLE) VALUES (15, 1)
INSERT INTO C_SYSTEM_MENU_X_ROLE (ID_SYSTEM_MENU, ID_ROLE) VALUES (15, 2)
INSERT INTO C_SYSTEM_MENU_X_ROLE (ID_SYSTEM_MENU, ID_ROLE) VALUES (16, 1)
INSERT INTO C_SYSTEM_MENU_X_ROLE (ID_SYSTEM_MENU, ID_ROLE) VALUES (16, 2)
INSERT INTO C_SYSTEM_MENU_X_ROLE (ID_SYSTEM_MENU, ID_ROLE) VALUES (17, 1)
INSERT INTO C_SYSTEM_MENU_X_ROLE (ID_SYSTEM_MENU, ID_ROLE) VALUES (17, 2)

-- Income Settings Type
INSERT INTO C_INCOME_SETTINGS_TYPE (ID_INCOME_SETTINGS_TYPE, DS_INDICATOR_TYPE) VALUES (1, 'QT_SCREEN_OCCUPANCY');
INSERT INTO C_INCOME_SETTINGS_TYPE (ID_INCOME_SETTINGS_TYPE, DS_INDICATOR_TYPE) VALUES (2, 'QT_CHG_PREW_WEEK');

-- Income Settings Type Language
INSERT INTO C_INCOME_SETTINGS_TYPE_LANGUAGE (ID_INCOME_SETTINGS_TYPE_LANGUAGE, ID_INCOME_SETTINGS_TYPE, ID_LANGUAGE, DS_NAME) VALUES ( 1, 1, 1, 'Screen Occupancy');
INSERT INTO C_INCOME_SETTINGS_TYPE_LANGUAGE (ID_INCOME_SETTINGS_TYPE_LANGUAGE, ID_INCOME_SETTINGS_TYPE, ID_LANGUAGE, DS_NAME) VALUES ( 2, 1, 2, 'Ocupación de sala');
INSERT INTO C_INCOME_SETTINGS_TYPE_LANGUAGE (ID_INCOME_SETTINGS_TYPE_LANGUAGE, ID_INCOME_SETTINGS_TYPE, ID_LANGUAGE, DS_NAME) VALUES ( 3, 2, 1, 'Chg/Prew week');
INSERT INTO C_INCOME_SETTINGS_TYPE_LANGUAGE (ID_INCOME_SETTINGS_TYPE_LANGUAGE, ID_INCOME_SETTINGS_TYPE, ID_LANGUAGE, DS_NAME) VALUES ( 4, 2, 2, 'Cambios por semana');

-- Income Settings
INSERT INTO C_INCOME_SETTINGS (ID_INCOME_SETTINGS, ID_THEATER, ID_INCOME_SETTINGS_TYPE, QT_GREEN_SEMAPHORE, QT_YELLOW_SEMAPHORE, QT_RED_SEMAPHORE, DT_LAST_MODIFICATION, ID_LAST_USER_MODIFIER, FG_ACTIVE) VALUES (1, 1, 1, 90.05, 81.09, 30.99, '2015-02-03', 1, 1);
INSERT INTO C_INCOME_SETTINGS (ID_INCOME_SETTINGS, ID_THEATER, ID_INCOME_SETTINGS_TYPE, QT_GREEN_SEMAPHORE, QT_YELLOW_SEMAPHORE, QT_RED_SEMAPHORE, DT_LAST_MODIFICATION, ID_LAST_USER_MODIFIER, FG_ACTIVE) VALUES (2, 1, 2, 15.05, 35.09, 66.99, '2015-02-03', 1, 1);

-- Income
INSERT INTO K_BOOKING_INCOME ( ID_BOOKING_INCOME, ID_BOOKING, ID_SCREEN, ID_WEEK, ID_THEATER, ID_EVENT, DT_SHOW, HR_SHOW,  QT_INCOME, QT_TICKETS, FG_ACTIVE, DT_LAST_MODIFICATION, ID_LAST_USER_MODIFIER ) VALUES (1, 1, 1, 1, 1, 1, '2015-02-06', '11:30', 5000.0, 100, 1, '2014-03-10 15:00:00', 1)
INSERT INTO K_BOOKING_INCOME ( ID_BOOKING_INCOME, ID_BOOKING, ID_SCREEN, ID_WEEK, ID_THEATER, ID_EVENT, DT_SHOW, HR_SHOW,  QT_INCOME, QT_TICKETS, FG_ACTIVE, DT_LAST_MODIFICATION, ID_LAST_USER_MODIFIER ) VALUES (2, 1, 1, 1, 1, 1, '2015-02-07', '11:30', 5000.0, 100, 1, '2014-03-10 15:00:00', 1)
INSERT INTO K_BOOKING_INCOME ( ID_BOOKING_INCOME, ID_BOOKING, ID_SCREEN, ID_WEEK, ID_THEATER, ID_EVENT, DT_SHOW, HR_SHOW,  QT_INCOME, QT_TICKETS, FG_ACTIVE, DT_LAST_MODIFICATION, ID_LAST_USER_MODIFIER ) VALUES (3, 1, 1, 1, 1, 1, '2015-02-08', '11:30', 5000.0, 100, 1, '2014-03-10 15:00:00', 1)
INSERT INTO K_BOOKING_INCOME ( ID_BOOKING_INCOME, ID_BOOKING, ID_SCREEN, ID_WEEK, ID_THEATER, ID_EVENT, DT_SHOW, HR_SHOW,  QT_INCOME, QT_TICKETS, FG_ACTIVE, DT_LAST_MODIFICATION, ID_LAST_USER_MODIFIER ) VALUES (4, 1, 1, 1, 1, 1, '2015-02-09', '11:30', 5000.0, 100, 1, '2014-03-10 15:00:00', 1)
INSERT INTO K_BOOKING_INCOME ( ID_BOOKING_INCOME, ID_BOOKING, ID_SCREEN, ID_WEEK, ID_THEATER, ID_EVENT, DT_SHOW, HR_SHOW,  QT_INCOME, QT_TICKETS, FG_ACTIVE, DT_LAST_MODIFICATION, ID_LAST_USER_MODIFIER ) VALUES (5, 1, 1, 1, 1, 1, '2015-02-10', '11:30', 5000.0, 100, 1, '2014-03-10 15:00:00', 1)
INSERT INTO K_BOOKING_INCOME ( ID_BOOKING_INCOME, ID_BOOKING, ID_SCREEN, ID_WEEK, ID_THEATER, ID_EVENT, DT_SHOW, HR_SHOW,  QT_INCOME, QT_TICKETS, FG_ACTIVE, DT_LAST_MODIFICATION, ID_LAST_USER_MODIFIER ) VALUES (6, 1, 1, 1, 1, 1, '2015-02-11', '11:30', 5000.0, 100, 1, '2014-03-10 15:00:00', 1)
INSERT INTO K_BOOKING_INCOME ( ID_BOOKING_INCOME, ID_BOOKING, ID_SCREEN, ID_WEEK, ID_THEATER, ID_EVENT, DT_SHOW, HR_SHOW,  QT_INCOME, QT_TICKETS, FG_ACTIVE, DT_LAST_MODIFICATION, ID_LAST_USER_MODIFIER ) VALUES (7, 1, 1, 1, 1, 1, '2015-02-12', '11:30', 5000.0, 100, 1, '2014-03-10 15:00:00', 1)


INSERT INTO K_BOOKING_INCOME ( ID_BOOKING_INCOME, ID_BOOKING, ID_SCREEN, ID_WEEK, ID_THEATER, ID_EVENT, DT_SHOW, HR_SHOW,  QT_INCOME, QT_TICKETS, FG_ACTIVE, DT_LAST_MODIFICATION, ID_LAST_USER_MODIFIER ) VALUES (8, 1, 1, 1, 1, 1, '2015-02-06', '14:30', 5000.0, 100, 1, '2014-03-10 15:00:00', 1)
INSERT INTO K_BOOKING_INCOME ( ID_BOOKING_INCOME, ID_BOOKING, ID_SCREEN, ID_WEEK, ID_THEATER, ID_EVENT, DT_SHOW, HR_SHOW,  QT_INCOME, QT_TICKETS, FG_ACTIVE, DT_LAST_MODIFICATION, ID_LAST_USER_MODIFIER ) VALUES (9, 1, 1, 1, 1, 1, '2015-02-07', '14:30', 5000.0, 100, 1, '2014-03-10 15:00:00', 1)
INSERT INTO K_BOOKING_INCOME ( ID_BOOKING_INCOME, ID_BOOKING, ID_SCREEN, ID_WEEK, ID_THEATER, ID_EVENT, DT_SHOW, HR_SHOW,  QT_INCOME, QT_TICKETS, FG_ACTIVE, DT_LAST_MODIFICATION, ID_LAST_USER_MODIFIER ) VALUES (10, 1, 1, 1, 1, 1, '2015-02-08', '14:30', 5000.0, 100, 1, '2014-03-10 15:00:00', 1)
INSERT INTO K_BOOKING_INCOME ( ID_BOOKING_INCOME, ID_BOOKING, ID_SCREEN, ID_WEEK, ID_THEATER, ID_EVENT, DT_SHOW, HR_SHOW,  QT_INCOME, QT_TICKETS, FG_ACTIVE, DT_LAST_MODIFICATION, ID_LAST_USER_MODIFIER ) VALUES (11, 1, 1, 1, 1, 1, '2015-02-09', '14:30', 5000.0, 100, 1, '2014-03-10 15:00:00', 1)
INSERT INTO K_BOOKING_INCOME ( ID_BOOKING_INCOME, ID_BOOKING, ID_SCREEN, ID_WEEK, ID_THEATER, ID_EVENT, DT_SHOW, HR_SHOW,  QT_INCOME, QT_TICKETS, FG_ACTIVE, DT_LAST_MODIFICATION, ID_LAST_USER_MODIFIER ) VALUES (12, 1, 1, 1, 1, 1, '2015-02-10', '14:30', 5000.0, 100, 1, '2014-03-10 15:00:00', 1)
INSERT INTO K_BOOKING_INCOME ( ID_BOOKING_INCOME, ID_BOOKING, ID_SCREEN, ID_WEEK, ID_THEATER, ID_EVENT, DT_SHOW, HR_SHOW,  QT_INCOME, QT_TICKETS, FG_ACTIVE, DT_LAST_MODIFICATION, ID_LAST_USER_MODIFIER ) VALUES (13, 1, 1, 1, 1, 1, '2015-02-11', '14:30', 5000.0, 100, 1, '2014-03-10 15:00:00', 1)
INSERT INTO K_BOOKING_INCOME ( ID_BOOKING_INCOME, ID_BOOKING, ID_SCREEN, ID_WEEK, ID_THEATER, ID_EVENT, DT_SHOW, HR_SHOW,  QT_INCOME, QT_TICKETS, FG_ACTIVE, DT_LAST_MODIFICATION, ID_LAST_USER_MODIFIER ) VALUES (14, 1, 1, 1, 1, 1, '2015-02-12', '14:30', 5000.0, 100, 1, '2014-03-10 15:00:00', 1)


INSERT INTO K_BOOKING_INCOME ( ID_BOOKING_INCOME, ID_BOOKING, ID_SCREEN, ID_WEEK, ID_THEATER, ID_EVENT, DT_SHOW, HR_SHOW,  QT_INCOME, QT_TICKETS, FG_ACTIVE, DT_LAST_MODIFICATION, ID_LAST_USER_MODIFIER ) VALUES (15, 2, 2, 1, 1, 1, '2015-02-06', '12:30', 5000.0, 100, 1, '2014-03-10 15:00:00', 1)
INSERT INTO K_BOOKING_INCOME ( ID_BOOKING_INCOME, ID_BOOKING, ID_SCREEN, ID_WEEK, ID_THEATER, ID_EVENT, DT_SHOW, HR_SHOW,  QT_INCOME, QT_TICKETS, FG_ACTIVE, DT_LAST_MODIFICATION, ID_LAST_USER_MODIFIER ) VALUES (16, 2, 2, 1, 1, 1, '2015-02-07', '12:30', 5000.0, 100, 1, '2014-03-10 15:00:00', 1)
INSERT INTO K_BOOKING_INCOME ( ID_BOOKING_INCOME, ID_BOOKING, ID_SCREEN, ID_WEEK, ID_THEATER, ID_EVENT, DT_SHOW, HR_SHOW,  QT_INCOME, QT_TICKETS, FG_ACTIVE, DT_LAST_MODIFICATION, ID_LAST_USER_MODIFIER ) VALUES (17, 2, 2, 1, 1, 1, '2015-02-08', '12:30', 5000.0, 100, 1, '2014-03-10 15:00:00', 1)
INSERT INTO K_BOOKING_INCOME ( ID_BOOKING_INCOME, ID_BOOKING, ID_SCREEN, ID_WEEK, ID_THEATER, ID_EVENT, DT_SHOW, HR_SHOW,  QT_INCOME, QT_TICKETS, FG_ACTIVE, DT_LAST_MODIFICATION, ID_LAST_USER_MODIFIER ) VALUES (18, 2, 2, 1, 1, 1, '2015-02-09', '12:30', 5000.0, 100, 1, '2014-03-10 15:00:00', 1)
INSERT INTO K_BOOKING_INCOME ( ID_BOOKING_INCOME, ID_BOOKING, ID_SCREEN, ID_WEEK, ID_THEATER, ID_EVENT, DT_SHOW, HR_SHOW,  QT_INCOME, QT_TICKETS, FG_ACTIVE, DT_LAST_MODIFICATION, ID_LAST_USER_MODIFIER ) VALUES (19, 2, 2, 1, 1, 1, '2015-02-10', '12:30', 5000.0, 100, 1, '2014-03-10 15:00:00', 1)
INSERT INTO K_BOOKING_INCOME ( ID_BOOKING_INCOME, ID_BOOKING, ID_SCREEN, ID_WEEK, ID_THEATER, ID_EVENT, DT_SHOW, HR_SHOW,  QT_INCOME, QT_TICKETS, FG_ACTIVE, DT_LAST_MODIFICATION, ID_LAST_USER_MODIFIER ) VALUES (20, 2, 2, 1, 1, 1, '2015-02-11', '12:30', 5000.0, 100, 1, '2014-03-10 15:00:00', 1)
INSERT INTO K_BOOKING_INCOME ( ID_BOOKING_INCOME, ID_BOOKING, ID_SCREEN, ID_WEEK, ID_THEATER, ID_EVENT, DT_SHOW, HR_SHOW,  QT_INCOME, QT_TICKETS, FG_ACTIVE, DT_LAST_MODIFICATION, ID_LAST_USER_MODIFIER ) VALUES (21, 2, 2, 1, 1, 1, '2015-02-12', '12:30', 5000.0, 100, 1, '2014-03-10 15:00:00', 1)


INSERT INTO K_BOOKING_INCOME ( ID_BOOKING_INCOME, ID_BOOKING, ID_SCREEN, ID_WEEK, ID_THEATER, ID_EVENT, DT_SHOW, HR_SHOW,  QT_INCOME, QT_TICKETS, FG_ACTIVE, DT_LAST_MODIFICATION, ID_LAST_USER_MODIFIER ) VALUES (22, 2, 2, 1, 1, 1, '2015-02-06', '17:30', 5000.0, 100, 1, '2014-03-10 15:00:00', 1)
INSERT INTO K_BOOKING_INCOME ( ID_BOOKING_INCOME, ID_BOOKING, ID_SCREEN, ID_WEEK, ID_THEATER, ID_EVENT, DT_SHOW, HR_SHOW,  QT_INCOME, QT_TICKETS, FG_ACTIVE, DT_LAST_MODIFICATION, ID_LAST_USER_MODIFIER ) VALUES (23, 2, 2, 1, 1, 1, '2015-02-07', '17:30', 5000.0, 100, 1, '2014-03-10 15:00:00', 1)
INSERT INTO K_BOOKING_INCOME ( ID_BOOKING_INCOME, ID_BOOKING, ID_SCREEN, ID_WEEK, ID_THEATER, ID_EVENT, DT_SHOW, HR_SHOW,  QT_INCOME, QT_TICKETS, FG_ACTIVE, DT_LAST_MODIFICATION, ID_LAST_USER_MODIFIER ) VALUES (24, 2, 2, 1, 1, 1, '2015-02-08', '17:30', 5000.0, 100, 1, '2014-03-10 15:00:00', 1)
INSERT INTO K_BOOKING_INCOME ( ID_BOOKING_INCOME, ID_BOOKING, ID_SCREEN, ID_WEEK, ID_THEATER, ID_EVENT, DT_SHOW, HR_SHOW,  QT_INCOME, QT_TICKETS, FG_ACTIVE, DT_LAST_MODIFICATION, ID_LAST_USER_MODIFIER ) VALUES (25, 2, 2, 1, 1, 1, '2015-02-09', '17:30', 5000.0, 100, 1, '2014-03-10 15:00:00', 1)
INSERT INTO K_BOOKING_INCOME ( ID_BOOKING_INCOME, ID_BOOKING, ID_SCREEN, ID_WEEK, ID_THEATER, ID_EVENT, DT_SHOW, HR_SHOW,  QT_INCOME, QT_TICKETS, FG_ACTIVE, DT_LAST_MODIFICATION, ID_LAST_USER_MODIFIER ) VALUES (26, 2, 2, 1, 1, 1, '2015-02-10', '17:30', 5000.0, 100, 1, '2014-03-10 15:00:00', 1)
INSERT INTO K_BOOKING_INCOME ( ID_BOOKING_INCOME, ID_BOOKING, ID_SCREEN, ID_WEEK, ID_THEATER, ID_EVENT, DT_SHOW, HR_SHOW,  QT_INCOME, QT_TICKETS, FG_ACTIVE, DT_LAST_MODIFICATION, ID_LAST_USER_MODIFIER ) VALUES (27, 2, 2, 1, 1, 1, '2015-02-11', '17:30', 5000.0, 100, 1, '2014-03-10 15:00:00', 1)
INSERT INTO K_BOOKING_INCOME ( ID_BOOKING_INCOME, ID_BOOKING, ID_SCREEN, ID_WEEK, ID_THEATER, ID_EVENT, DT_SHOW, HR_SHOW,  QT_INCOME, QT_TICKETS, FG_ACTIVE, DT_LAST_MODIFICATION, ID_LAST_USER_MODIFIER ) VALUES (28, 2, 2, 1, 1, 1, '2015-02-12', '17:30', 5000.0, 100, 1, '2014-03-10 15:00:00', 1)