insert into C_THEATER (ID_THEATER, ID_REGION, ID_CITY, ID_STATE, ID_EMAIL, ID_VISTA, NU_THEATER, DS_TELEPHONE, FG_ACTIVE, DT_LAST_MODIFICATION, ID_LAST_USER_MODIFIER, DS_CC_EMAIL) values (72, 2, 1, 1, 1, '180', 1020180, '015554244700/54244701/54244703', 1, '2014-06-19 12:58:33', 1, null)
insert into C_THEATER_LANGUAGE (ID_THEATER_LANGUAGE, ID_THEATER, ID_LANGUAGE, DS_NAME) values (72, 72, 1, 'Cinepolis Neza')
insert into C_THEATER_LANGUAGE (ID_THEATER_LANGUAGE, ID_THEATER, ID_LANGUAGE, DS_NAME) values (372, 72, 2, 'Cinepolis Neza')
insert into C_SCREEN (ID_SCREEN, ID_THEATER, ID_VISTA, NU_SCREEN, NU_CAPACITY, FG_ACTIVE, DT_LAST_MODIFICATION, ID_LAST_USER_MODIFIER) values (672, 72, '180-1', 1, 217, 1, '2014-06-19 12:58:33', 1)
insert into C_SCREEN (ID_SCREEN, ID_THEATER, ID_VISTA, NU_SCREEN, NU_CAPACITY, FG_ACTIVE, DT_LAST_MODIFICATION, ID_LAST_USER_MODIFIER) values (673, 72, '180-2', 2, 194, 1, '2014-06-19 12:58:33', 1)
insert into C_SCREEN (ID_SCREEN, ID_THEATER, ID_VISTA, NU_SCREEN, NU_CAPACITY, FG_ACTIVE, DT_LAST_MODIFICATION, ID_LAST_USER_MODIFIER) values (674, 72, '180-3', 3, 227, 1, '2014-06-19 12:58:33', 1)
insert into C_SCREEN (ID_SCREEN, ID_THEATER, ID_VISTA, NU_SCREEN, NU_CAPACITY, FG_ACTIVE, DT_LAST_MODIFICATION, ID_LAST_USER_MODIFIER) values (675, 72, '180-4', 4, 91, 1, '2014-06-19 12:58:33', 1)
insert into C_SCREEN (ID_SCREEN, ID_THEATER, ID_VISTA, NU_SCREEN, NU_CAPACITY, FG_ACTIVE, DT_LAST_MODIFICATION, ID_LAST_USER_MODIFIER) values (676, 72, '180-5', 5, 98, 1, '2014-06-19 12:58:33', 1)
insert into C_SCREEN (ID_SCREEN, ID_THEATER, ID_VISTA, NU_SCREEN, NU_CAPACITY, FG_ACTIVE, DT_LAST_MODIFICATION, ID_LAST_USER_MODIFIER) values (677, 72, '180-6', 6, 98, 1, '2014-06-19 12:58:33', 1)
insert into C_SCREEN (ID_SCREEN, ID_THEATER, ID_VISTA, NU_SCREEN, NU_CAPACITY, FG_ACTIVE, DT_LAST_MODIFICATION, ID_LAST_USER_MODIFIER) values (678, 72, '180-7', 7, 98, 1, '2014-06-19 12:58:33', 1)
insert into C_SCREEN (ID_SCREEN, ID_THEATER, ID_VISTA, NU_SCREEN, NU_CAPACITY, FG_ACTIVE, DT_LAST_MODIFICATION, ID_LAST_USER_MODIFIER) values (679, 72, '180-8', 8, 90, 1, '2014-06-19 12:58:33', 1)
insert into C_SCREEN (ID_SCREEN, ID_THEATER, ID_VISTA, NU_SCREEN, NU_CAPACITY, FG_ACTIVE, DT_LAST_MODIFICATION, ID_LAST_USER_MODIFIER) values (680, 72, '180-9', 9, 135, 1, '2014-06-19 12:58:33', 1)
insert into C_SCREEN (ID_SCREEN, ID_THEATER, ID_VISTA, NU_SCREEN, NU_CAPACITY, FG_ACTIVE, DT_LAST_MODIFICATION, ID_LAST_USER_MODIFIER) values (681, 72, '180-10', 10, 120, 1, '2014-06-19 12:58:33', 1)
insert into C_SCREEN (ID_SCREEN, ID_THEATER, ID_VISTA, NU_SCREEN, NU_CAPACITY, FG_ACTIVE, DT_LAST_MODIFICATION, ID_LAST_USER_MODIFIER) values (682, 72, '180-11', 11, 120, 1, '2014-06-19 12:58:33', 1)
insert into C_SCREEN (ID_SCREEN, ID_THEATER, ID_VISTA, NU_SCREEN, NU_CAPACITY, FG_ACTIVE, DT_LAST_MODIFICATION, ID_LAST_USER_MODIFIER) values (683, 72, '180-12', 12, 138, 1, '2014-06-19 12:58:33', 1)
insert into C_SCREEN (ID_SCREEN, ID_THEATER, ID_VISTA, NU_SCREEN, NU_CAPACITY, FG_ACTIVE, DT_LAST_MODIFICATION, ID_LAST_USER_MODIFIER) values (684, 72, '180-13', 13, 301, 1, '2014-06-19 12:58:33', 1)
insert into C_SCREEN (ID_SCREEN, ID_THEATER, ID_VISTA, NU_SCREEN, NU_CAPACITY, FG_ACTIVE, DT_LAST_MODIFICATION, ID_LAST_USER_MODIFIER) values (685, 72, '180-14', 14, 215, 1, '2014-06-19 12:58:33', 1)
insert into C_SCREEN (ID_SCREEN, ID_THEATER, ID_VISTA, NU_SCREEN, NU_CAPACITY, FG_ACTIVE, DT_LAST_MODIFICATION, ID_LAST_USER_MODIFIER) values (686, 72, '180-15', 15, 315, 1, '2014-06-19 12:58:33', 1)
insert into C_SCREEN (ID_SCREEN, ID_THEATER, ID_VISTA, NU_SCREEN, NU_CAPACITY, FG_ACTIVE, DT_LAST_MODIFICATION, ID_LAST_USER_MODIFIER) values (687, 72, '180-16', 16, 315, 1, '2014-06-19 12:58:33', 1)

insert into K_PERSON (ID_PERSON, DS_NAME, DS_LASTNAME, DS_MOTHER_LASTNAME, FG_ACTIVE, DT_LAST_MODIFICATION, ID_LAST_USER_MODIFIER) values (12, 'Sofía', 'Castilla', 'Sarky', 1, '2014-12-05 13:06:46', 8);
insert into K_USER (ID_USER, ID_PERSON, DS_USERNAME, FG_ACTIVE, DT_LAST_MODIFICATION, ID_LAST_USER_MODIFIER) values (12, 12, 'scastilla', 1, '2014-12-05 13:06:46', 8);


insert into K_EVENT (ID_EVENT, ID_EVENT_TYPE, ID_VISTA, DS_NAME, DS_CODE_DBS, QT_DURATION, QT_COPY, FG_PREMIERE, FG_ACTIVE, DT_LAST_MODIFICATION, ID_LAST_USER_MODIFIER, FG_CURRENT) values (1762, 1, '14905', 'Cincuenta Sombras de Grey Dig Sub', '14905', 125, null, 1, 1, '2015-02-12 06:03:31', 1, 1)
insert into K_EVENT (ID_EVENT, ID_EVENT_TYPE, ID_VISTA, DS_NAME, DS_CODE_DBS, QT_DURATION, QT_COPY, FG_PREMIERE, FG_ACTIVE, DT_LAST_MODIFICATION, ID_LAST_USER_MODIFIER, FG_CURRENT) values (1901, 1, '15647', 'Archivo 253 Dig Esp', '15647', 77, null, '0', 1, '2015-02-04 10:37:55', 1, 1)
insert into K_EVENT (ID_EVENT, ID_EVENT_TYPE, ID_VISTA, DS_NAME, DS_CODE_DBS, QT_DURATION, QT_COPY, FG_PREMIERE, FG_ACTIVE, DT_LAST_MODIFICATION, ID_LAST_USER_MODIFIER, FG_CURRENT) values (1906, 1, '14445', 'El Destino de Júpiter Dig Sub', '14445', 127, null, 1, 1, '2015-02-12 06:03:31', 1, 1)
insert into K_EVENT (ID_EVENT, ID_EVENT_TYPE, ID_VISTA, DS_NAME, DS_CODE_DBS, QT_DURATION, QT_COPY, FG_PREMIERE, FG_ACTIVE, DT_LAST_MODIFICATION, ID_LAST_USER_MODIFIER, FG_CURRENT) values (1909, 1, '15685', 'Las Oscuras Primaveras Dig Esp', '15685', 101, null, '0', 1, '2015-01-28 06:02:38', 1, 1)
insert into K_EVENT (ID_EVENT, ID_EVENT_TYPE, ID_VISTA, DS_NAME, DS_CODE_DBS, QT_DURATION, QT_COPY, FG_PREMIERE, FG_ACTIVE, DT_LAST_MODIFICATION, ID_LAST_USER_MODIFIER, FG_CURRENT) values (1910, 1, '15686', 'Fuerza Mayor Dig Sub', '15686', 118, null, '0', 1, '2015-01-28 06:02:38', 1, 1)
insert into K_EVENT (ID_EVENT, ID_EVENT_TYPE, ID_VISTA, DS_NAME, DS_CODE_DBS, QT_DURATION, QT_COPY, FG_PREMIERE, FG_ACTIVE, DT_LAST_MODIFICATION, ID_LAST_USER_MODIFIER, FG_CURRENT) values (1911, 1, '15641', 'Bob Esponja: Un Héroe Fuera del Agua Dig Esp', '15641', 100, null, '0', 1, '2015-01-28 06:02:38', 1, 1)
insert into K_EVENT (ID_EVENT, ID_EVENT_TYPE, ID_VISTA, DS_NAME, DS_CODE_DBS, QT_DURATION, QT_COPY, FG_PREMIERE, FG_ACTIVE, DT_LAST_MODIFICATION, ID_LAST_USER_MODIFIER, FG_CURRENT) values (1913, 1, '15640', 'Whiplash: Música y Obsesión Dig Sub', '15640', 107, null, '0', 1, '2015-01-21 06:03:09', 1, 1)
insert into K_EVENT (ID_EVENT, ID_EVENT_TYPE, ID_VISTA, DS_NAME, DS_CODE_DBS, QT_DURATION, QT_COPY, FG_PREMIERE, FG_ACTIVE, DT_LAST_MODIFICATION, ID_LAST_USER_MODIFIER, FG_CURRENT) values (1917, 1, '15642', 'Búsqueda Implacable 3 Dig Sub', '15642', 100, null, '0', 1, '2015-01-28 06:02:38', 1, 1)
insert into K_EVENT (ID_EVENT, ID_EVENT_TYPE, ID_VISTA, DS_NAME, DS_CODE_DBS, QT_DURATION, QT_COPY, FG_PREMIERE, FG_ACTIVE, DT_LAST_MODIFICATION, ID_LAST_USER_MODIFIER, FG_CURRENT) values (1921, 1, '15646', 'La Bella y La Bestia Dig Esp', '15646', 113, null, '0', 1, '2015-01-20 06:03:15', 1, 1)
insert into K_EVENT (ID_EVENT, ID_EVENT_TYPE, ID_VISTA, DS_NAME, DS_CODE_DBS, QT_DURATION, QT_COPY, FG_PREMIERE, FG_ACTIVE, DT_LAST_MODIFICATION, ID_LAST_USER_MODIFIER, FG_CURRENT) values (1923, 1, '15689', 'Leviathan Dig Sub', '15689', 141, null, '0', 1, '2015-02-04 10:37:55', 1, 1)
insert into K_EVENT (ID_EVENT, ID_EVENT_TYPE, ID_VISTA, DS_NAME, DS_CODE_DBS, QT_DURATION, QT_COPY, FG_PREMIERE, FG_ACTIVE, DT_LAST_MODIFICATION, ID_LAST_USER_MODIFIER, FG_CURRENT) values (1924, 1, '15643', 'Inquebrantable Dig Sub', '15643', 137, null, '0', 1, '2015-01-28 06:02:38', 1, 1)
insert into K_EVENT (ID_EVENT, ID_EVENT_TYPE, ID_VISTA, DS_NAME, DS_CODE_DBS, QT_DURATION, QT_COPY, FG_PREMIERE, FG_ACTIVE, DT_LAST_MODIFICATION, ID_LAST_USER_MODIFIER, FG_CURRENT) values (1925, 1, '15634', 'El Código Enigma Dig Sub', '15634', 114, null, '0', 1, '2015-02-04 10:37:55', 1, 1)
insert into K_EVENT (ID_EVENT, ID_EVENT_TYPE, ID_VISTA, DS_NAME, DS_CODE_DBS, QT_DURATION, QT_COPY, FG_PREMIERE, FG_ACTIVE, DT_LAST_MODIFICATION, ID_LAST_USER_MODIFIER, FG_CURRENT) values (1928, 1, '15511', 'En El Bosque Dig Sub', '15511', 124, null, '0', 1, '2015-02-04 10:37:55', 1, 1)
insert into K_EVENT (ID_EVENT, ID_EVENT_TYPE, ID_VISTA, DS_NAME, DS_CODE_DBS, QT_DURATION, QT_COPY, FG_PREMIERE, FG_ACTIVE, DT_LAST_MODIFICATION, ID_LAST_USER_MODIFIER, FG_CURRENT) values (1969, 1, '14453', 'El Destino de Júpiter IMAX 3D Sub', '14453', 127, null, 1, 1, '2015-02-12 06:03:31', 1, 1)
insert into K_EVENT (ID_EVENT, ID_EVENT_TYPE, ID_VISTA, DS_NAME, DS_CODE_DBS, QT_DURATION, QT_COPY, FG_PREMIERE, FG_ACTIVE, DT_LAST_MODIFICATION, ID_LAST_USER_MODIFIER, FG_CURRENT) values (1993, 1, '15648', 'Una Loca Entrevista Dig Sub', '15648', 112, null, '0', 1, '2015-02-04 10:37:55', 1, 1)
insert into K_EVENT (ID_EVENT, ID_EVENT_TYPE, ID_VISTA, DS_NAME, DS_CODE_DBS, QT_DURATION, QT_COPY, FG_PREMIERE, FG_ACTIVE, DT_LAST_MODIFICATION, ID_LAST_USER_MODIFIER, FG_CURRENT) values (1999, 1, '15813', 'Bob Esponja: Un Héroe Fuera del Agua 4DX Esp', '15813', 100, null, '0', 1, '2015-01-28 06:02:38', 1, 1)
insert into K_EVENT (ID_EVENT, ID_EVENT_TYPE, ID_VISTA, DS_NAME, DS_CODE_DBS, QT_DURATION, QT_COPY, FG_PREMIERE, FG_ACTIVE, DT_LAST_MODIFICATION, ID_LAST_USER_MODIFIER, FG_CURRENT) values (2001, 1, '15728', 'Búsqueda Implacable 3 4DX/2D Sub', '15728', 100, null, '0', 1, '2015-01-28 06:02:38', 1, 1)
insert into K_EVENT (ID_EVENT, ID_EVENT_TYPE, ID_VISTA, DS_NAME, DS_CODE_DBS, QT_DURATION, QT_COPY, FG_PREMIERE, FG_ACTIVE, DT_LAST_MODIFICATION, ID_LAST_USER_MODIFIER, FG_CURRENT) values (2009, 1, '14866', 'Las Horas Contigo Dig Esp', '14866', 93, null, '0', 1, '2015-02-04 10:37:55', 1, 1)
insert into K_EVENT (ID_EVENT, ID_EVENT_TYPE, ID_VISTA, DS_NAME, DS_CODE_DBS, QT_DURATION, QT_COPY, FG_PREMIERE, FG_ACTIVE, DT_LAST_MODIFICATION, ID_LAST_USER_MODIFIER, FG_CURRENT) values (2010, 1, '15512', 'En El Bosque Dig Esp', '15512', 124, null, '0', 1, '2015-02-04 10:37:55', 1, 1)


insert into C_WEEK (ID_WEEK, NU_WEEK, NU_YEAR, DT_STARTING_DAY_WEEK, DT_FINAL_DAY_WEEK, FG_SPECIAL_WEEK, FG_ACTIVE, DT_LAST_MODIFICATION, ID_LAST_USER_MODIFIER) values (286, 4, 2015, '2015-01-22', '2015-01-28', '0', 1, '2015-01-02 15:22:00', 1)
insert into C_WEEK (ID_WEEK, NU_WEEK, NU_YEAR, DT_STARTING_DAY_WEEK, DT_FINAL_DAY_WEEK, FG_SPECIAL_WEEK, FG_ACTIVE, DT_LAST_MODIFICATION, ID_LAST_USER_MODIFIER) values (287, 5, 2015, '2015-01-29', '2015-02-04', '0', 1, '2015-01-02 15:22:21', 1)
insert into C_WEEK (ID_WEEK, NU_WEEK, NU_YEAR, DT_STARTING_DAY_WEEK, DT_FINAL_DAY_WEEK, FG_SPECIAL_WEEK, FG_ACTIVE, DT_LAST_MODIFICATION, ID_LAST_USER_MODIFIER) values (288, 6, 2015, '2015-02-05', '2015-02-11', '0', 1, '2015-01-02 15:22:33', 1)
insert into C_WEEK (ID_WEEK, NU_WEEK, NU_YEAR, DT_STARTING_DAY_WEEK, DT_FINAL_DAY_WEEK, FG_SPECIAL_WEEK, FG_ACTIVE, DT_LAST_MODIFICATION, ID_LAST_USER_MODIFIER) values (289, 7, 2015, '2015-02-12', '2015-02-18', '0', 1, '2015-01-02 15:22:45', 1)

insert into C_WEEK (ID_WEEK, NU_WEEK, NU_YEAR, DT_STARTING_DAY_WEEK, DT_FINAL_DAY_WEEK, FG_SPECIAL_WEEK, FG_ACTIVE, DT_LAST_MODIFICATION, ID_LAST_USER_MODIFIER) values (290, 8, 2015, '2015-02-18', '2015-02-18', '0', 1, '2015-01-02 15:22:45', 1)
insert into C_WEEK (ID_WEEK, NU_WEEK, NU_YEAR, DT_STARTING_DAY_WEEK, DT_FINAL_DAY_WEEK, FG_SPECIAL_WEEK, FG_ACTIVE, DT_LAST_MODIFICATION, ID_LAST_USER_MODIFIER) values (291, 9, 2015, '2015-02-12', '2015-02-18', '0', 1, '2015-01-02 15:22:45', 1)
insert into C_WEEK (ID_WEEK, NU_WEEK, NU_YEAR, DT_STARTING_DAY_WEEK, DT_FINAL_DAY_WEEK, FG_SPECIAL_WEEK, FG_ACTIVE, DT_LAST_MODIFICATION, ID_LAST_USER_MODIFIER) values (292, 10, 2015, '2015-02-12', '2015-02-18', '0', 1, '2015-01-02 15:22:45', 1)
insert into C_WEEK (ID_WEEK, NU_WEEK, NU_YEAR, DT_STARTING_DAY_WEEK, DT_FINAL_DAY_WEEK, FG_SPECIAL_WEEK, FG_ACTIVE, DT_LAST_MODIFICATION, ID_LAST_USER_MODIFIER) values (293, 11, 2015, '2015-02-12', '2015-02-18', '0', 1, '2015-01-02 15:22:45', 1)
insert into C_WEEK (ID_WEEK, NU_WEEK, NU_YEAR, DT_STARTING_DAY_WEEK, DT_FINAL_DAY_WEEK, FG_SPECIAL_WEEK, FG_ACTIVE, DT_LAST_MODIFICATION, ID_LAST_USER_MODIFIER) values (294, 12, 2015, '2015-02-12', '2015-02-18', '0', 1, '2015-01-02 15:22:45', 1)
insert into C_WEEK (ID_WEEK, NU_WEEK, NU_YEAR, DT_STARTING_DAY_WEEK, DT_FINAL_DAY_WEEK, FG_SPECIAL_WEEK, FG_ACTIVE, DT_LAST_MODIFICATION, ID_LAST_USER_MODIFIER) values (295, 13, 2015, '2015-02-12', '2015-02-18', '0', 1, '2015-01-02 15:22:45', 1)
insert into C_WEEK (ID_WEEK, NU_WEEK, NU_YEAR, DT_STARTING_DAY_WEEK, DT_FINAL_DAY_WEEK, FG_SPECIAL_WEEK, FG_ACTIVE, DT_LAST_MODIFICATION, ID_LAST_USER_MODIFIER) values (296, 13, 2015, '2015-02-12', '2015-02-18', '0', 1, '2015-01-02 15:22:45', 1)
insert into C_WEEK (ID_WEEK, NU_WEEK, NU_YEAR, DT_STARTING_DAY_WEEK, DT_FINAL_DAY_WEEK, FG_SPECIAL_WEEK, FG_ACTIVE, DT_LAST_MODIFICATION, ID_LAST_USER_MODIFIER) values (297, 13, 2015, '2015-02-12', '2015-02-18', '0', 1, '2015-01-02 15:22:45', 1)
insert into C_WEEK (ID_WEEK, NU_WEEK, NU_YEAR, DT_STARTING_DAY_WEEK, DT_FINAL_DAY_WEEK, FG_SPECIAL_WEEK, FG_ACTIVE, DT_LAST_MODIFICATION, ID_LAST_USER_MODIFIER) values (298, 13, 2015, '2015-02-12', '2015-02-18', '0', 1, '2015-01-02 15:22:45', 1)


insert into K_BOOKING (ID_BOOKING, ID_EVENT, ID_THEATER, FG_BOOKED, FG_ACTIVE, DT_LAST_MODIFICATION, ID_LAST_USER_MODIFIER, ID_BOOKING_TYPE) values (182539, 1762, 72, 1, 1, '2015-02-09 11:31:10', 1, 1)
insert into K_BOOKING (ID_BOOKING, ID_EVENT, ID_THEATER, FG_BOOKED, FG_ACTIVE, DT_LAST_MODIFICATION, ID_LAST_USER_MODIFIER, ID_BOOKING_TYPE) values (180568, 1901, 72, 1, 1, '2015-02-09 11:31:10', 1, 1)
insert into K_BOOKING (ID_BOOKING, ID_EVENT, ID_THEATER, FG_BOOKED, FG_ACTIVE, DT_LAST_MODIFICATION, ID_LAST_USER_MODIFIER, ID_BOOKING_TYPE) values (180839, 1906, 72, 1, 1, '2015-02-09 11:31:10', 1, 1)
insert into K_BOOKING (ID_BOOKING, ID_EVENT, ID_THEATER, FG_BOOKED, FG_ACTIVE, DT_LAST_MODIFICATION, ID_LAST_USER_MODIFIER, ID_BOOKING_TYPE) values (179007, 1909, 72, '0', 1, '2015-02-09 11:31:10', 1, 1)
insert into K_BOOKING (ID_BOOKING, ID_EVENT, ID_THEATER, FG_BOOKED, FG_ACTIVE, DT_LAST_MODIFICATION, ID_LAST_USER_MODIFIER, ID_BOOKING_TYPE) values (178994, 1910, 72, '0', 1, '2015-02-09 11:31:10', 1, 1)
insert into K_BOOKING (ID_BOOKING, ID_EVENT, ID_THEATER, FG_BOOKED, FG_ACTIVE, DT_LAST_MODIFICATION, ID_LAST_USER_MODIFIER, ID_BOOKING_TYPE) values (179281, 1911, 72, 1, 1, '2015-02-09 11:31:10', 1, 1)
insert into K_BOOKING (ID_BOOKING, ID_EVENT, ID_THEATER, FG_BOOKED, FG_ACTIVE, DT_LAST_MODIFICATION, ID_LAST_USER_MODIFIER, ID_BOOKING_TYPE) values (177322, 1913, 72, 1, 1, '2015-02-09 11:31:10', 1, 1)
insert into K_BOOKING (ID_BOOKING, ID_EVENT, ID_THEATER, FG_BOOKED, FG_ACTIVE, DT_LAST_MODIFICATION, ID_LAST_USER_MODIFIER, ID_BOOKING_TYPE) values (179148, 1917, 72, 1, 1, '2015-02-09 11:31:10', 1, 1)
insert into K_BOOKING (ID_BOOKING, ID_EVENT, ID_THEATER, FG_BOOKED, FG_ACTIVE, DT_LAST_MODIFICATION, ID_LAST_USER_MODIFIER, ID_BOOKING_TYPE) values (177381, 1921, 72, '0', 1, '2015-02-09 11:31:10', 1, 1)
insert into K_BOOKING (ID_BOOKING, ID_EVENT, ID_THEATER, FG_BOOKED, FG_ACTIVE, DT_LAST_MODIFICATION, ID_LAST_USER_MODIFIER, ID_BOOKING_TYPE) values (180468, 1923, 72, 1, 1, '2015-02-09 11:31:10', 1, 1)
insert into K_BOOKING (ID_BOOKING, ID_EVENT, ID_THEATER, FG_BOOKED, FG_ACTIVE, DT_LAST_MODIFICATION, ID_LAST_USER_MODIFIER, ID_BOOKING_TYPE) values (179031, 1924, 72, '0', 1, '2015-02-09 11:31:10', 1, 1)
insert into K_BOOKING (ID_BOOKING, ID_EVENT, ID_THEATER, FG_BOOKED, FG_ACTIVE, DT_LAST_MODIFICATION, ID_LAST_USER_MODIFIER, ID_BOOKING_TYPE) values (180609, 1925, 72, 1, 1, '2015-02-09 11:31:10', 1, 1)
insert into K_BOOKING (ID_BOOKING, ID_EVENT, ID_THEATER, FG_BOOKED, FG_ACTIVE, DT_LAST_MODIFICATION, ID_LAST_USER_MODIFIER, ID_BOOKING_TYPE) values (180677, 1928, 72, 1, 1, '2015-02-09 11:31:10', 1, 1)
insert into K_BOOKING (ID_BOOKING, ID_EVENT, ID_THEATER, FG_BOOKED, FG_ACTIVE, DT_LAST_MODIFICATION, ID_LAST_USER_MODIFIER, ID_BOOKING_TYPE) values (180698, 1969, 72, 1, 1, '2015-02-09 11:31:10', 1, 1)
insert into K_BOOKING (ID_BOOKING, ID_EVENT, ID_THEATER, FG_BOOKED, FG_ACTIVE, DT_LAST_MODIFICATION, ID_LAST_USER_MODIFIER, ID_BOOKING_TYPE) values (180495, 1993, 72, '0', 1, '2015-02-09 11:31:10', 1, 1)
insert into K_BOOKING (ID_BOOKING, ID_EVENT, ID_THEATER, FG_BOOKED, FG_ACTIVE, DT_LAST_MODIFICATION, ID_LAST_USER_MODIFIER, ID_BOOKING_TYPE) values (179178, 1999, 72, 1, 1, '2015-02-09 11:31:10', 1, 1)
insert into K_BOOKING (ID_BOOKING, ID_EVENT, ID_THEATER, FG_BOOKED, FG_ACTIVE, DT_LAST_MODIFICATION, ID_LAST_USER_MODIFIER, ID_BOOKING_TYPE) values (179059, 2001, 72, 1, 1, '2015-02-09 11:31:10', 1, 1)
insert into K_BOOKING (ID_BOOKING, ID_EVENT, ID_THEATER, FG_BOOKED, FG_ACTIVE, DT_LAST_MODIFICATION, ID_LAST_USER_MODIFIER, ID_BOOKING_TYPE) values (180524, 2009, 72, 1, 1, '2015-02-09 11:31:10', 1, 1)
insert into K_BOOKING (ID_BOOKING, ID_EVENT, ID_THEATER, FG_BOOKED, FG_ACTIVE, DT_LAST_MODIFICATION, ID_LAST_USER_MODIFIER, ID_BOOKING_TYPE) values (181167, 2010, 72, 1, 1, '2015-02-09 11:31:10', 1, 1)


insert into K_BOOKING_WEEK (ID_BOOKING_WEEK, ID_BOOKING, ID_BOOKING_STATUS, ID_WEEK, DT_EXHIBITION_END_DATE, NU_EXHIBITION_WEEK, QT_COPY, FG_SEND, FG_ACTIVE, DT_LAST_MODIFICATION, ID_LAST_USER_MODIFIER, QT_COPY_SCREEN_ZERO_TERMINATED, QT_COPY_SCREEN_ZERO) values (689258, 182539, 1, 289, null, 1, 4, 1, 1, '2015-02-09 11:31:10', 12, 0, 0);
insert into K_BOOKING_WEEK (ID_BOOKING_WEEK, ID_BOOKING, ID_BOOKING_STATUS, ID_WEEK, DT_EXHIBITION_END_DATE, NU_EXHIBITION_WEEK, QT_COPY, FG_SEND, FG_ACTIVE, DT_LAST_MODIFICATION, ID_LAST_USER_MODIFIER, QT_COPY_SCREEN_ZERO_TERMINATED, QT_COPY_SCREEN_ZERO) values (682901, 180568, 1, 288, null, 1, 2, 1, 1, '2015-02-02 12:21:39', 12, 0, 0);
insert into K_BOOKING_WEEK (ID_BOOKING_WEEK, ID_BOOKING, ID_BOOKING_STATUS, ID_WEEK, DT_EXHIBITION_END_DATE, NU_EXHIBITION_WEEK, QT_COPY, FG_SEND, FG_ACTIVE, DT_LAST_MODIFICATION, ID_LAST_USER_MODIFIER, QT_COPY_SCREEN_ZERO_TERMINATED, QT_COPY_SCREEN_ZERO) values (689412, 180568, 1, 289, null, 2, 1, 1, 1, '2015-02-09 11:31:10', 12, 0, 0);
insert into K_BOOKING_WEEK (ID_BOOKING_WEEK, ID_BOOKING, ID_BOOKING_STATUS, ID_WEEK, DT_EXHIBITION_END_DATE, NU_EXHIBITION_WEEK, QT_COPY, FG_SEND, FG_ACTIVE, DT_LAST_MODIFICATION, ID_LAST_USER_MODIFIER, QT_COPY_SCREEN_ZERO_TERMINATED, QT_COPY_SCREEN_ZERO) values (683172, 180839, 1, 288, null, 1, 2, 1, 1, '2015-02-02 12:21:39', 12, 0, 0);
insert into K_BOOKING_WEEK (ID_BOOKING_WEEK, ID_BOOKING, ID_BOOKING_STATUS, ID_WEEK, DT_EXHIBITION_END_DATE, NU_EXHIBITION_WEEK, QT_COPY, FG_SEND, FG_ACTIVE, DT_LAST_MODIFICATION, ID_LAST_USER_MODIFIER, QT_COPY_SCREEN_ZERO_TERMINATED, QT_COPY_SCREEN_ZERO) values (689416, 180839, 1, 289, null, 2, 1, 1, 1, '2015-02-09 11:31:10', 12, 0, 0);
insert into K_BOOKING_WEEK (ID_BOOKING_WEEK, ID_BOOKING, ID_BOOKING_STATUS, ID_WEEK, DT_EXHIBITION_END_DATE, NU_EXHIBITION_WEEK, QT_COPY, FG_SEND, FG_ACTIVE, DT_LAST_MODIFICATION, ID_LAST_USER_MODIFIER, QT_COPY_SCREEN_ZERO_TERMINATED, QT_COPY_SCREEN_ZERO) values (677481, 179007, 1, 287, null, 1, 1, 1, 1, '2015-01-26 14:53:52', 12, 0, 0);
insert into K_BOOKING_WEEK (ID_BOOKING_WEEK, ID_BOOKING, ID_BOOKING_STATUS, ID_WEEK, DT_EXHIBITION_END_DATE, NU_EXHIBITION_WEEK, QT_COPY, FG_SEND, FG_ACTIVE, DT_LAST_MODIFICATION, ID_LAST_USER_MODIFIER, QT_COPY_SCREEN_ZERO_TERMINATED, QT_COPY_SCREEN_ZERO) values (684978, 179007, 1, 288, null, 2, 1, 1, 1, '2015-02-02 12:21:39', 12, 0, 0);
insert into K_BOOKING_WEEK (ID_BOOKING_WEEK, ID_BOOKING, ID_BOOKING_STATUS, ID_WEEK, DT_EXHIBITION_END_DATE, NU_EXHIBITION_WEEK, QT_COPY, FG_SEND, FG_ACTIVE, DT_LAST_MODIFICATION, ID_LAST_USER_MODIFIER, QT_COPY_SCREEN_ZERO_TERMINATED, QT_COPY_SCREEN_ZERO) values (689407, 179007, 3, 289, null, 3, 0, '0', 1, '2015-02-09 11:31:10', 12, 0, 0);
insert into K_BOOKING_WEEK (ID_BOOKING_WEEK, ID_BOOKING, ID_BOOKING_STATUS, ID_WEEK, DT_EXHIBITION_END_DATE, NU_EXHIBITION_WEEK, QT_COPY, FG_SEND, FG_ACTIVE, DT_LAST_MODIFICATION, ID_LAST_USER_MODIFIER, QT_COPY_SCREEN_ZERO_TERMINATED, QT_COPY_SCREEN_ZERO) values (677468, 178994, 1, 287, null, 1, 1, 1, 1, '2015-01-26 14:53:52', 12, 0, 0);
insert into K_BOOKING_WEEK (ID_BOOKING_WEEK, ID_BOOKING, ID_BOOKING_STATUS, ID_WEEK, DT_EXHIBITION_END_DATE, NU_EXHIBITION_WEEK, QT_COPY, FG_SEND, FG_ACTIVE, DT_LAST_MODIFICATION, ID_LAST_USER_MODIFIER, QT_COPY_SCREEN_ZERO_TERMINATED, QT_COPY_SCREEN_ZERO) values (684980, 178994, 3, 288, null, 2, 0, '0', 1, '2015-02-02 12:21:39', 12, 0, 0);
insert into K_BOOKING_WEEK (ID_BOOKING_WEEK, ID_BOOKING, ID_BOOKING_STATUS, ID_WEEK, DT_EXHIBITION_END_DATE, NU_EXHIBITION_WEEK, QT_COPY, FG_SEND, FG_ACTIVE, DT_LAST_MODIFICATION, ID_LAST_USER_MODIFIER, QT_COPY_SCREEN_ZERO_TERMINATED, QT_COPY_SCREEN_ZERO) values (689410, 178994, 3, 289, null, 3, 0, '0', 1, '2015-02-09 11:31:10', 12, 0, 0);
insert into K_BOOKING_WEEK (ID_BOOKING_WEEK, ID_BOOKING, ID_BOOKING_STATUS, ID_WEEK, DT_EXHIBITION_END_DATE, NU_EXHIBITION_WEEK, QT_COPY, FG_SEND, FG_ACTIVE, DT_LAST_MODIFICATION, ID_LAST_USER_MODIFIER, QT_COPY_SCREEN_ZERO_TERMINATED, QT_COPY_SCREEN_ZERO) values (677755, 179281, 1, 287, null, 1, 3, 1, 1, '2015-01-26 14:53:52', 12, 0, 0);
insert into K_BOOKING_WEEK (ID_BOOKING_WEEK, ID_BOOKING, ID_BOOKING_STATUS, ID_WEEK, DT_EXHIBITION_END_DATE, NU_EXHIBITION_WEEK, QT_COPY, FG_SEND, FG_ACTIVE, DT_LAST_MODIFICATION, ID_LAST_USER_MODIFIER, QT_COPY_SCREEN_ZERO_TERMINATED, QT_COPY_SCREEN_ZERO) values (684976, 179281, 1, 288, null, 2, 4, 1, 1, '2015-02-02 12:21:39', 12, 0, 0);
insert into K_BOOKING_WEEK (ID_BOOKING_WEEK, ID_BOOKING, ID_BOOKING_STATUS, ID_WEEK, DT_EXHIBITION_END_DATE, NU_EXHIBITION_WEEK, QT_COPY, FG_SEND, FG_ACTIVE, DT_LAST_MODIFICATION, ID_LAST_USER_MODIFIER, QT_COPY_SCREEN_ZERO_TERMINATED, QT_COPY_SCREEN_ZERO) values (689401, 179281, 1, 289, null, 3, 2, 1, 1, '2015-02-09 11:31:10', 12, 0, 0);
insert into K_BOOKING_WEEK (ID_BOOKING_WEEK, ID_BOOKING, ID_BOOKING_STATUS, ID_WEEK, DT_EXHIBITION_END_DATE, NU_EXHIBITION_WEEK, QT_COPY, FG_SEND, FG_ACTIVE, DT_LAST_MODIFICATION, ID_LAST_USER_MODIFIER, QT_COPY_SCREEN_ZERO_TERMINATED, QT_COPY_SCREEN_ZERO) values (671873, 177322, 1, 286, null, 1, 2, 1, 1, '2015-01-19 12:54:30', 12, 0, 0);
insert into K_BOOKING_WEEK (ID_BOOKING_WEEK, ID_BOOKING, ID_BOOKING_STATUS, ID_WEEK, DT_EXHIBITION_END_DATE, NU_EXHIBITION_WEEK, QT_COPY, FG_SEND, FG_ACTIVE, DT_LAST_MODIFICATION, ID_LAST_USER_MODIFIER, QT_COPY_SCREEN_ZERO_TERMINATED, QT_COPY_SCREEN_ZERO) values (680055, 177322, 1, 287, null, 2, 1, 1, 1, '2015-01-26 14:53:52', 12, 0, 0);
insert into K_BOOKING_WEEK (ID_BOOKING_WEEK, ID_BOOKING, ID_BOOKING_STATUS, ID_WEEK, DT_EXHIBITION_END_DATE, NU_EXHIBITION_WEEK, QT_COPY, FG_SEND, FG_ACTIVE, DT_LAST_MODIFICATION, ID_LAST_USER_MODIFIER, QT_COPY_SCREEN_ZERO_TERMINATED, QT_COPY_SCREEN_ZERO) values (684983, 177322, 1, 288, null, 3, 1, 1, 1, '2015-02-02 12:21:39', 12, 0, 0);
insert into K_BOOKING_WEEK (ID_BOOKING_WEEK, ID_BOOKING, ID_BOOKING_STATUS, ID_WEEK, DT_EXHIBITION_END_DATE, NU_EXHIBITION_WEEK, QT_COPY, FG_SEND, FG_ACTIVE, DT_LAST_MODIFICATION, ID_LAST_USER_MODIFIER, QT_COPY_SCREEN_ZERO_TERMINATED, QT_COPY_SCREEN_ZERO) values (689403, 177322, 1, 289, null, 4, 1, 1, 1, '2015-02-09 11:31:10', 12, 0, 0);
insert into K_BOOKING_WEEK (ID_BOOKING_WEEK, ID_BOOKING, ID_BOOKING_STATUS, ID_WEEK, DT_EXHIBITION_END_DATE, NU_EXHIBITION_WEEK, QT_COPY, FG_SEND, FG_ACTIVE, DT_LAST_MODIFICATION, ID_LAST_USER_MODIFIER, QT_COPY_SCREEN_ZERO_TERMINATED, QT_COPY_SCREEN_ZERO) values (677622, 179148, 1, 287, null, 1, 2, 1, 1, '2015-01-26 14:53:52', 12, 0, 0);
insert into K_BOOKING_WEEK (ID_BOOKING_WEEK, ID_BOOKING, ID_BOOKING_STATUS, ID_WEEK, DT_EXHIBITION_END_DATE, NU_EXHIBITION_WEEK, QT_COPY, FG_SEND, FG_ACTIVE, DT_LAST_MODIFICATION, ID_LAST_USER_MODIFIER, QT_COPY_SCREEN_ZERO_TERMINATED, QT_COPY_SCREEN_ZERO) values (684972, 179148, 1, 288, null, 2, 2, 1, 1, '2015-02-02 12:21:39', 12, 0, 0);
insert into K_BOOKING_WEEK (ID_BOOKING_WEEK, ID_BOOKING, ID_BOOKING_STATUS, ID_WEEK, DT_EXHIBITION_END_DATE, NU_EXHIBITION_WEEK, QT_COPY, FG_SEND, FG_ACTIVE, DT_LAST_MODIFICATION, ID_LAST_USER_MODIFIER, QT_COPY_SCREEN_ZERO_TERMINATED, QT_COPY_SCREEN_ZERO) values (689404, 179148, 1, 289, null, 3, 2, 1, 1, '2015-02-09 11:31:10', 12, 0, 0);
insert into K_BOOKING_WEEK (ID_BOOKING_WEEK, ID_BOOKING, ID_BOOKING_STATUS, ID_WEEK, DT_EXHIBITION_END_DATE, NU_EXHIBITION_WEEK, QT_COPY, FG_SEND, FG_ACTIVE, DT_LAST_MODIFICATION, ID_LAST_USER_MODIFIER, QT_COPY_SCREEN_ZERO_TERMINATED, QT_COPY_SCREEN_ZERO) values (671937, 177381, 1, 286, null, 1, 1, 1, 1, '2015-01-19 12:54:30', 12, 0, 0);
insert into K_BOOKING_WEEK (ID_BOOKING_WEEK, ID_BOOKING, ID_BOOKING_STATUS, ID_WEEK, DT_EXHIBITION_END_DATE, NU_EXHIBITION_WEEK, QT_COPY, FG_SEND, FG_ACTIVE, DT_LAST_MODIFICATION, ID_LAST_USER_MODIFIER, QT_COPY_SCREEN_ZERO_TERMINATED, QT_COPY_SCREEN_ZERO) values (680063, 177381, 1, 287, null, 2, 1, 1, 1, '2015-01-26 14:53:52', 12, 0, 0);
insert into K_BOOKING_WEEK (ID_BOOKING_WEEK, ID_BOOKING, ID_BOOKING_STATUS, ID_WEEK, DT_EXHIBITION_END_DATE, NU_EXHIBITION_WEEK, QT_COPY, FG_SEND, FG_ACTIVE, DT_LAST_MODIFICATION, ID_LAST_USER_MODIFIER, QT_COPY_SCREEN_ZERO_TERMINATED, QT_COPY_SCREEN_ZERO) values (684991, 177381, 1, 288, null, 3, 1, 1, 1, '2015-02-02 12:21:39', 12, 0, 0);
insert into K_BOOKING_WEEK (ID_BOOKING_WEEK, ID_BOOKING, ID_BOOKING_STATUS, ID_WEEK, DT_EXHIBITION_END_DATE, NU_EXHIBITION_WEEK, QT_COPY, FG_SEND, FG_ACTIVE, DT_LAST_MODIFICATION, ID_LAST_USER_MODIFIER, QT_COPY_SCREEN_ZERO_TERMINATED, QT_COPY_SCREEN_ZERO) values (689405, 177381, 3, 289, null, 4, 0, '0', 1, '2015-02-09 11:31:10', 12, 0, 0);
insert into K_BOOKING_WEEK (ID_BOOKING_WEEK, ID_BOOKING, ID_BOOKING_STATUS, ID_WEEK, DT_EXHIBITION_END_DATE, NU_EXHIBITION_WEEK, QT_COPY, FG_SEND, FG_ACTIVE, DT_LAST_MODIFICATION, ID_LAST_USER_MODIFIER, QT_COPY_SCREEN_ZERO_TERMINATED, QT_COPY_SCREEN_ZERO) values (682801, 180468, 1, 288, null, 1, 1, 1, 1, '2015-02-02 12:21:39', 12, 0, 0);
insert into K_BOOKING_WEEK (ID_BOOKING_WEEK, ID_BOOKING, ID_BOOKING_STATUS, ID_WEEK, DT_EXHIBITION_END_DATE, NU_EXHIBITION_WEEK, QT_COPY, FG_SEND, FG_ACTIVE, DT_LAST_MODIFICATION, ID_LAST_USER_MODIFIER, QT_COPY_SCREEN_ZERO_TERMINATED, QT_COPY_SCREEN_ZERO) values (689408, 180468, 1, 289, null, 2, 1, 1, 1, '2015-02-09 11:31:10', 12, 0, 0);
insert into K_BOOKING_WEEK (ID_BOOKING_WEEK, ID_BOOKING, ID_BOOKING_STATUS, ID_WEEK, DT_EXHIBITION_END_DATE, NU_EXHIBITION_WEEK, QT_COPY, FG_SEND, FG_ACTIVE, DT_LAST_MODIFICATION, ID_LAST_USER_MODIFIER, QT_COPY_SCREEN_ZERO_TERMINATED, QT_COPY_SCREEN_ZERO) values (677505, 179031, 1, 287, null, 1, 1, 1, 1, '2015-01-26 14:53:52', 12, 0, 0);
insert into K_BOOKING_WEEK (ID_BOOKING_WEEK, ID_BOOKING, ID_BOOKING_STATUS, ID_WEEK, DT_EXHIBITION_END_DATE, NU_EXHIBITION_WEEK, QT_COPY, FG_SEND, FG_ACTIVE, DT_LAST_MODIFICATION, ID_LAST_USER_MODIFIER, QT_COPY_SCREEN_ZERO_TERMINATED, QT_COPY_SCREEN_ZERO) values (684992, 179031, 1, 288, null, 2, 1, 1, 1, '2015-02-02 12:21:39', 12, 0, 0);
insert into K_BOOKING_WEEK (ID_BOOKING_WEEK, ID_BOOKING, ID_BOOKING_STATUS, ID_WEEK, DT_EXHIBITION_END_DATE, NU_EXHIBITION_WEEK, QT_COPY, FG_SEND, FG_ACTIVE, DT_LAST_MODIFICATION, ID_LAST_USER_MODIFIER, QT_COPY_SCREEN_ZERO_TERMINATED, QT_COPY_SCREEN_ZERO) values (689411, 179031, 3, 289, null, 3, 0, 1, 1, '2015-02-09 11:31:10', 12, 0, 0);
insert into K_BOOKING_WEEK (ID_BOOKING_WEEK, ID_BOOKING, ID_BOOKING_STATUS, ID_WEEK, DT_EXHIBITION_END_DATE, NU_EXHIBITION_WEEK, QT_COPY, FG_SEND, FG_ACTIVE, DT_LAST_MODIFICATION, ID_LAST_USER_MODIFIER, QT_COPY_SCREEN_ZERO_TERMINATED, QT_COPY_SCREEN_ZERO) values (682942, 180609, 1, 288, null, 1, 1, 1, 1, '2015-02-02 12:21:39', 12, 0, 0);
insert into K_BOOKING_WEEK (ID_BOOKING_WEEK, ID_BOOKING, ID_BOOKING_STATUS, ID_WEEK, DT_EXHIBITION_END_DATE, NU_EXHIBITION_WEEK, QT_COPY, FG_SEND, FG_ACTIVE, DT_LAST_MODIFICATION, ID_LAST_USER_MODIFIER, QT_COPY_SCREEN_ZERO_TERMINATED, QT_COPY_SCREEN_ZERO) values (689419, 180609, 1, 289, null, 2, 1, 1, 1, '2015-02-09 11:31:10', 12, 0, 0);
insert into K_BOOKING_WEEK (ID_BOOKING_WEEK, ID_BOOKING, ID_BOOKING_STATUS, ID_WEEK, DT_EXHIBITION_END_DATE, NU_EXHIBITION_WEEK, QT_COPY, FG_SEND, FG_ACTIVE, DT_LAST_MODIFICATION, ID_LAST_USER_MODIFIER, QT_COPY_SCREEN_ZERO_TERMINATED, QT_COPY_SCREEN_ZERO) values (683010, 180677, 1, 288, null, 1, 1, 1, 1, '2015-02-02 12:21:39', 12, 0, 0);
insert into K_BOOKING_WEEK (ID_BOOKING_WEEK, ID_BOOKING, ID_BOOKING_STATUS, ID_WEEK, DT_EXHIBITION_END_DATE, NU_EXHIBITION_WEEK, QT_COPY, FG_SEND, FG_ACTIVE, DT_LAST_MODIFICATION, ID_LAST_USER_MODIFIER, QT_COPY_SCREEN_ZERO_TERMINATED, QT_COPY_SCREEN_ZERO) values (689418, 180677, 1, 289, null, 2, 1, 1, 1, '2015-02-09 11:31:10', 12, 0, 0);
insert into K_BOOKING_WEEK (ID_BOOKING_WEEK, ID_BOOKING, ID_BOOKING_STATUS, ID_WEEK, DT_EXHIBITION_END_DATE, NU_EXHIBITION_WEEK, QT_COPY, FG_SEND, FG_ACTIVE, DT_LAST_MODIFICATION, ID_LAST_USER_MODIFIER, QT_COPY_SCREEN_ZERO_TERMINATED, QT_COPY_SCREEN_ZERO) values (683031, 180698, 1, 288, null, 1, 1, 1, 1, '2015-02-02 12:21:39', 12, 0, 0);
insert into K_BOOKING_WEEK (ID_BOOKING_WEEK, ID_BOOKING, ID_BOOKING_STATUS, ID_WEEK, DT_EXHIBITION_END_DATE, NU_EXHIBITION_WEEK, QT_COPY, FG_SEND, FG_ACTIVE, DT_LAST_MODIFICATION, ID_LAST_USER_MODIFIER, QT_COPY_SCREEN_ZERO_TERMINATED, QT_COPY_SCREEN_ZERO) values (689422, 180698, 1, 289, null, 2, 1, 1, 1, '2015-02-09 11:31:10', 12, 0, 0);
insert into K_BOOKING_WEEK (ID_BOOKING_WEEK, ID_BOOKING, ID_BOOKING_STATUS, ID_WEEK, DT_EXHIBITION_END_DATE, NU_EXHIBITION_WEEK, QT_COPY, FG_SEND, FG_ACTIVE, DT_LAST_MODIFICATION, ID_LAST_USER_MODIFIER, QT_COPY_SCREEN_ZERO_TERMINATED, QT_COPY_SCREEN_ZERO) values (682828, 180495, 1, 288, null, 1, 1, 1, 1, '2015-02-02 12:21:39', 12, 0, 0);
insert into K_BOOKING_WEEK (ID_BOOKING_WEEK, ID_BOOKING, ID_BOOKING_STATUS, ID_WEEK, DT_EXHIBITION_END_DATE, NU_EXHIBITION_WEEK, QT_COPY, FG_SEND, FG_ACTIVE, DT_LAST_MODIFICATION, ID_LAST_USER_MODIFIER, QT_COPY_SCREEN_ZERO_TERMINATED, QT_COPY_SCREEN_ZERO) values (689413, 180495, 3, 289, null, 2, 0, '0', 1, '2015-02-09 11:31:10', 12, 0, 0);
insert into K_BOOKING_WEEK (ID_BOOKING_WEEK, ID_BOOKING, ID_BOOKING_STATUS, ID_WEEK, DT_EXHIBITION_END_DATE, NU_EXHIBITION_WEEK, QT_COPY, FG_SEND, FG_ACTIVE, DT_LAST_MODIFICATION, ID_LAST_USER_MODIFIER, QT_COPY_SCREEN_ZERO_TERMINATED, QT_COPY_SCREEN_ZERO) values (677652, 179178, 1, 287, null, 1, 1, 1, 1, '2015-01-26 14:53:52', 12, 0, 0);
insert into K_BOOKING_WEEK (ID_BOOKING_WEEK, ID_BOOKING, ID_BOOKING_STATUS, ID_WEEK, DT_EXHIBITION_END_DATE, NU_EXHIBITION_WEEK, QT_COPY, FG_SEND, FG_ACTIVE, DT_LAST_MODIFICATION, ID_LAST_USER_MODIFIER, QT_COPY_SCREEN_ZERO_TERMINATED, QT_COPY_SCREEN_ZERO) values (684993, 179178, 1, 288, null, 2, 1, 1, 1, '2015-02-02 12:21:39', 12, 0, 0);
insert into K_BOOKING_WEEK (ID_BOOKING_WEEK, ID_BOOKING, ID_BOOKING_STATUS, ID_WEEK, DT_EXHIBITION_END_DATE, NU_EXHIBITION_WEEK, QT_COPY, FG_SEND, FG_ACTIVE, DT_LAST_MODIFICATION, ID_LAST_USER_MODIFIER, QT_COPY_SCREEN_ZERO_TERMINATED, QT_COPY_SCREEN_ZERO) values (689420, 179178, 1, 289, null, 3, 1, 1, 1, '2015-02-09 11:31:10', 12, 0, 0);
insert into K_BOOKING_WEEK (ID_BOOKING_WEEK, ID_BOOKING, ID_BOOKING_STATUS, ID_WEEK, DT_EXHIBITION_END_DATE, NU_EXHIBITION_WEEK, QT_COPY, FG_SEND, FG_ACTIVE, DT_LAST_MODIFICATION, ID_LAST_USER_MODIFIER, QT_COPY_SCREEN_ZERO_TERMINATED, QT_COPY_SCREEN_ZERO) values (677533, 179059, 1, 287, null, 1, 1, 1, 1, '2015-01-26 14:53:52', 12, 0, 0);
insert into K_BOOKING_WEEK (ID_BOOKING_WEEK, ID_BOOKING, ID_BOOKING_STATUS, ID_WEEK, DT_EXHIBITION_END_DATE, NU_EXHIBITION_WEEK, QT_COPY, FG_SEND, FG_ACTIVE, DT_LAST_MODIFICATION, ID_LAST_USER_MODIFIER, QT_COPY_SCREEN_ZERO_TERMINATED, QT_COPY_SCREEN_ZERO) values (684994, 179059, 1, 288, null, 2, 1, 1, 1, '2015-02-02 12:21:39', 12, 0, 0);
insert into K_BOOKING_WEEK (ID_BOOKING_WEEK, ID_BOOKING, ID_BOOKING_STATUS, ID_WEEK, DT_EXHIBITION_END_DATE, NU_EXHIBITION_WEEK, QT_COPY, FG_SEND, FG_ACTIVE, DT_LAST_MODIFICATION, ID_LAST_USER_MODIFIER, QT_COPY_SCREEN_ZERO_TERMINATED, QT_COPY_SCREEN_ZERO) values (689421, 179059, 1, 289, null, 3, 1, 1, 1, '2015-02-09 11:31:10', 12, 0, 0);
insert into K_BOOKING_WEEK (ID_BOOKING_WEEK, ID_BOOKING, ID_BOOKING_STATUS, ID_WEEK, DT_EXHIBITION_END_DATE, NU_EXHIBITION_WEEK, QT_COPY, FG_SEND, FG_ACTIVE, DT_LAST_MODIFICATION, ID_LAST_USER_MODIFIER, QT_COPY_SCREEN_ZERO_TERMINATED, QT_COPY_SCREEN_ZERO) values (682857, 180524, 1, 288, null, 1, 1, 1, 1, '2015-02-02 12:21:39', 12, 0, 0);
insert into K_BOOKING_WEEK (ID_BOOKING_WEEK, ID_BOOKING, ID_BOOKING_STATUS, ID_WEEK, DT_EXHIBITION_END_DATE, NU_EXHIBITION_WEEK, QT_COPY, FG_SEND, FG_ACTIVE, DT_LAST_MODIFICATION, ID_LAST_USER_MODIFIER, QT_COPY_SCREEN_ZERO_TERMINATED, QT_COPY_SCREEN_ZERO) values (689414, 180524, 1, 289, null, 2, 1, 1, 1, '2015-02-09 11:31:10', 12, 0, 0);
insert into K_BOOKING_WEEK (ID_BOOKING_WEEK, ID_BOOKING, ID_BOOKING_STATUS, ID_WEEK, DT_EXHIBITION_END_DATE, NU_EXHIBITION_WEEK, QT_COPY, FG_SEND, FG_ACTIVE, DT_LAST_MODIFICATION, ID_LAST_USER_MODIFIER, QT_COPY_SCREEN_ZERO_TERMINATED, QT_COPY_SCREEN_ZERO) values (684998, 181167, 1, 288, null, 1, 1, 1, 1, '2015-02-02 12:21:39', 12, 0, 0);
insert into K_BOOKING_WEEK (ID_BOOKING_WEEK, ID_BOOKING, ID_BOOKING_STATUS, ID_WEEK, DT_EXHIBITION_END_DATE, NU_EXHIBITION_WEEK, QT_COPY, FG_SEND, FG_ACTIVE, DT_LAST_MODIFICATION, ID_LAST_USER_MODIFIER, QT_COPY_SCREEN_ZERO_TERMINATED, QT_COPY_SCREEN_ZERO) values (689417, 181167, 1, 289, null, 2, 1, 1, 1, '2015-02-09 11:31:10', 12, 0, 0);

insert into K_OBSERVATION (ID_OBSERVATION, ID_USER, DS_OBSERVATION, FG_ACTIVE, DT_LAST_MODIFICATION, ID_LAST_USER_MODIFIER) values (15735, 12, 'estrena viernes', 1, '2015-01-19 12:54:30', 12);
insert into K_OBSERVATION (ID_OBSERVATION, ID_USER, DS_OBSERVATION, FG_ACTIVE, DT_LAST_MODIFICATION, ID_LAST_USER_MODIFIER) values (15738, 12, 'estrena viernes', 1, '2015-01-19 12:54:30', 12);
insert into K_OBSERVATION (ID_OBSERVATION, ID_USER, DS_OBSERVATION, FG_ACTIVE, DT_LAST_MODIFICATION, ID_LAST_USER_MODIFIER) values (15742, 12, 'estrena viernes', 1, '2015-01-19 12:54:30', 12);
insert into K_OBSERVATION (ID_OBSERVATION, ID_USER, DS_OBSERVATION, FG_ACTIVE, DT_LAST_MODIFICATION, ID_LAST_USER_MODIFIER) values (17995, 12, 'estrena viernes', 1, '2015-01-26 14:53:52', 12);
insert into K_OBSERVATION (ID_OBSERVATION, ID_USER, DS_OBSERVATION, FG_ACTIVE, DT_LAST_MODIFICATION, ID_LAST_USER_MODIFIER) values (17996, 12, 'estrena viernes', 1, '2015-01-26 14:53:52', 12);
insert into K_OBSERVATION (ID_OBSERVATION, ID_USER, DS_OBSERVATION, FG_ACTIVE, DT_LAST_MODIFICATION, ID_LAST_USER_MODIFIER) values (18003, 12, 'estrena viernes', 1, '2015-01-26 14:53:52', 12);
insert into K_OBSERVATION (ID_OBSERVATION, ID_USER, DS_OBSERVATION, FG_ACTIVE, DT_LAST_MODIFICATION, ID_LAST_USER_MODIFIER) values (19273, 12, 'estrena viernes', 1, '2015-02-02 12:21:39', 12);
insert into K_OBSERVATION (ID_OBSERVATION, ID_USER, DS_OBSERVATION, FG_ACTIVE, DT_LAST_MODIFICATION, ID_LAST_USER_MODIFIER) values (19274, 12, 'estrena viernes', 1, '2015-02-02 12:21:39', 12);
insert into K_OBSERVATION (ID_OBSERVATION, ID_USER, DS_OBSERVATION, FG_ACTIVE, DT_LAST_MODIFICATION, ID_LAST_USER_MODIFIER) values (19275, 12, 'estrena viernes', 1, '2015-02-02 12:21:39', 12);
insert into K_OBSERVATION (ID_OBSERVATION, ID_USER, DS_OBSERVATION, FG_ACTIVE, DT_LAST_MODIFICATION, ID_LAST_USER_MODIFIER) values (19276, 12, 'solo jueves', 1, '2015-02-02 12:21:39', 12);
insert into K_OBSERVATION (ID_OBSERVATION, ID_USER, DS_OBSERVATION, FG_ACTIVE, DT_LAST_MODIFICATION, ID_LAST_USER_MODIFIER) values (19277, 12, 'solo jueves', 1, '2015-02-02 12:21:39', 12);
insert into K_OBSERVATION (ID_OBSERVATION, ID_USER, DS_OBSERVATION, FG_ACTIVE, DT_LAST_MODIFICATION, ID_LAST_USER_MODIFIER) values (19278, 12, 'solo jueves', 1, '2015-02-02 12:21:39', 12);
insert into K_OBSERVATION (ID_OBSERVATION, ID_USER, DS_OBSERVATION, FG_ACTIVE, DT_LAST_MODIFICATION, ID_LAST_USER_MODIFIER) values (19897, 12, 'solo jueves, por Ambulante, exhibe en sala 11 en lugar de 1a función de Bob Esponja', 1, '2015-02-09 11:31:10', 12);



insert into K_BOOKING_WEEK_SCREEN (ID_BOOKING_WEEK_SCREEN, ID_BOOKING_WEEK, ID_BOOKING_STATUS, ID_SCREEN, ID_OBSERVATION) values (832210, 689258, 1, 685, null);
insert into K_BOOKING_WEEK_SCREEN (ID_BOOKING_WEEK_SCREEN, ID_BOOKING_WEEK, ID_BOOKING_STATUS, ID_SCREEN, ID_OBSERVATION) values (832211, 689258, 1, 674, null);
insert into K_BOOKING_WEEK_SCREEN (ID_BOOKING_WEEK_SCREEN, ID_BOOKING_WEEK, ID_BOOKING_STATUS, ID_SCREEN, ID_OBSERVATION) values (832212, 689258, 1, 686, null);
insert into K_BOOKING_WEEK_SCREEN (ID_BOOKING_WEEK_SCREEN, ID_BOOKING_WEEK, ID_BOOKING_STATUS, ID_SCREEN, ID_OBSERVATION) values (832213, 689258, 1, 672, null);
insert into K_BOOKING_WEEK_SCREEN (ID_BOOKING_WEEK_SCREEN, ID_BOOKING_WEEK, ID_BOOKING_STATUS, ID_SCREEN, ID_OBSERVATION) values (824630, 682901, 1, 683, null);
insert into K_BOOKING_WEEK_SCREEN (ID_BOOKING_WEEK_SCREEN, ID_BOOKING_WEEK, ID_BOOKING_STATUS, ID_SCREEN, ID_OBSERVATION) values (827251, 682901, 1, 677, 19278);
insert into K_BOOKING_WEEK_SCREEN (ID_BOOKING_WEEK_SCREEN, ID_BOOKING_WEEK, ID_BOOKING_STATUS, ID_SCREEN, ID_OBSERVATION) values (832490, 689412, 1, 678, null);
insert into K_BOOKING_WEEK_SCREEN (ID_BOOKING_WEEK_SCREEN, ID_BOOKING_WEEK, ID_BOOKING_STATUS, ID_SCREEN, ID_OBSERVATION) values (832491, 689412, 3, 683, null);
insert into K_BOOKING_WEEK_SCREEN (ID_BOOKING_WEEK_SCREEN, ID_BOOKING_WEEK, ID_BOOKING_STATUS, ID_SCREEN, ID_OBSERVATION) values (826965, 683172, 1, 685, null);
insert into K_BOOKING_WEEK_SCREEN (ID_BOOKING_WEEK_SCREEN, ID_BOOKING_WEEK, ID_BOOKING_STATUS, ID_SCREEN, ID_OBSERVATION) values (827250, 683172, 1, 681, 19276);
insert into K_BOOKING_WEEK_SCREEN (ID_BOOKING_WEEK_SCREEN, ID_BOOKING_WEEK, ID_BOOKING_STATUS, ID_SCREEN, ID_OBSERVATION) values (832495, 689416, 3, 685, null);
insert into K_BOOKING_WEEK_SCREEN (ID_BOOKING_WEEK_SCREEN, ID_BOOKING_WEEK, ID_BOOKING_STATUS, ID_SCREEN, ID_OBSERVATION) values (832496, 689416, 1, 677, null);
insert into K_BOOKING_WEEK_SCREEN (ID_BOOKING_WEEK_SCREEN, ID_BOOKING_WEEK, ID_BOOKING_STATUS, ID_SCREEN, ID_OBSERVATION) values (821553, 677481, 1, 675, null);
insert into K_BOOKING_WEEK_SCREEN (ID_BOOKING_WEEK_SCREEN, ID_BOOKING_WEEK, ID_BOOKING_STATUS, ID_SCREEN, ID_OBSERVATION) values (826981, 684978, 1, 675, null);
insert into K_BOOKING_WEEK_SCREEN (ID_BOOKING_WEEK_SCREEN, ID_BOOKING_WEEK, ID_BOOKING_STATUS, ID_SCREEN, ID_OBSERVATION) values (832485, 689407, 3, 675, null);
insert into K_BOOKING_WEEK_SCREEN (ID_BOOKING_WEEK_SCREEN, ID_BOOKING_WEEK, ID_BOOKING_STATUS, ID_SCREEN, ID_OBSERVATION) values (821548, 677468, 1, 676, null);
insert into K_BOOKING_WEEK_SCREEN (ID_BOOKING_WEEK_SCREEN, ID_BOOKING_WEEK, ID_BOOKING_STATUS, ID_SCREEN, ID_OBSERVATION) values (827014, 684980, 3, 676, null);
insert into K_BOOKING_WEEK_SCREEN (ID_BOOKING_WEEK_SCREEN, ID_BOOKING_WEEK, ID_BOOKING_STATUS, ID_SCREEN, ID_OBSERVATION) values (832488, 689410, 3, 676, null);
insert into K_BOOKING_WEEK_SCREEN (ID_BOOKING_WEEK_SCREEN, ID_BOOKING_WEEK, ID_BOOKING_STATUS, ID_SCREEN, ID_OBSERVATION) values (821549, 677755, 1, 674, null);
insert into K_BOOKING_WEEK_SCREEN (ID_BOOKING_WEEK_SCREEN, ID_BOOKING_WEEK, ID_BOOKING_STATUS, ID_SCREEN, ID_OBSERVATION) values (821550, 677755, 1, 673, null);
insert into K_BOOKING_WEEK_SCREEN (ID_BOOKING_WEEK_SCREEN, ID_BOOKING_WEEK, ID_BOOKING_STATUS, ID_SCREEN, ID_OBSERVATION) values (821642, 677755, 1, 685, null);
insert into K_BOOKING_WEEK_SCREEN (ID_BOOKING_WEEK_SCREEN, ID_BOOKING_WEEK, ID_BOOKING_STATUS, ID_SCREEN, ID_OBSERVATION) values (826977, 684976, 1, 672, null);
insert into K_BOOKING_WEEK_SCREEN (ID_BOOKING_WEEK_SCREEN, ID_BOOKING_WEEK, ID_BOOKING_STATUS, ID_SCREEN, ID_OBSERVATION) values (826978, 684976, 1, 674, null);
insert into K_BOOKING_WEEK_SCREEN (ID_BOOKING_WEEK_SCREEN, ID_BOOKING_WEEK, ID_BOOKING_STATUS, ID_SCREEN, ID_OBSERVATION) values (826979, 684976, 1, 680, null);
insert into K_BOOKING_WEEK_SCREEN (ID_BOOKING_WEEK_SCREEN, ID_BOOKING_WEEK, ID_BOOKING_STATUS, ID_SCREEN, ID_OBSERVATION) values (827249, 684976, 1, 681, 19277);
insert into K_BOOKING_WEEK_SCREEN (ID_BOOKING_WEEK_SCREEN, ID_BOOKING_WEEK, ID_BOOKING_STATUS, ID_SCREEN, ID_OBSERVATION) values (832475, 689401, 3, 680, null);
insert into K_BOOKING_WEEK_SCREEN (ID_BOOKING_WEEK_SCREEN, ID_BOOKING_WEEK, ID_BOOKING_STATUS, ID_SCREEN, ID_OBSERVATION) values (832476, 689401, 3, 681, null);
insert into K_BOOKING_WEEK_SCREEN (ID_BOOKING_WEEK_SCREEN, ID_BOOKING_WEEK, ID_BOOKING_STATUS, ID_SCREEN, ID_OBSERVATION) values (832477, 689401, 1, 676, null);
insert into K_BOOKING_WEEK_SCREEN (ID_BOOKING_WEEK_SCREEN, ID_BOOKING_WEEK, ID_BOOKING_STATUS, ID_SCREEN, ID_OBSERVATION) values (832478, 689401, 1, 682, null);
insert into K_BOOKING_WEEK_SCREEN (ID_BOOKING_WEEK_SCREEN, ID_BOOKING_WEEK, ID_BOOKING_STATUS, ID_SCREEN, ID_OBSERVATION) values (812308, 671873, 1, 680, 15742);
insert into K_BOOKING_WEEK_SCREEN (ID_BOOKING_WEEK_SCREEN, ID_BOOKING_WEEK, ID_BOOKING_STATUS, ID_SCREEN, ID_OBSERVATION) values (813268, 671873, 1, 675, 15735);
insert into K_BOOKING_WEEK_SCREEN (ID_BOOKING_WEEK_SCREEN, ID_BOOKING_WEEK, ID_BOOKING_STATUS, ID_SCREEN, ID_OBSERVATION) values (821568, 680055, 3, 680, null);
insert into K_BOOKING_WEEK_SCREEN (ID_BOOKING_WEEK_SCREEN, ID_BOOKING_WEEK, ID_BOOKING_STATUS, ID_SCREEN, ID_OBSERVATION) values (821569, 680055, 1, 677, null);
insert into K_BOOKING_WEEK_SCREEN (ID_BOOKING_WEEK_SCREEN, ID_BOOKING_WEEK, ID_BOOKING_STATUS, ID_SCREEN, ID_OBSERVATION) values (826985, 684983, 1, 672, null);
insert into K_BOOKING_WEEK_SCREEN (ID_BOOKING_WEEK_SCREEN, ID_BOOKING_WEEK, ID_BOOKING_STATUS, ID_SCREEN, ID_OBSERVATION) values (832480, 689403, 1, 682, null);
insert into K_BOOKING_WEEK_SCREEN (ID_BOOKING_WEEK_SCREEN, ID_BOOKING_WEEK, ID_BOOKING_STATUS, ID_SCREEN, ID_OBSERVATION) values (821547, 677622, 1, 686, 18003);
insert into K_BOOKING_WEEK_SCREEN (ID_BOOKING_WEEK_SCREEN, ID_BOOKING_WEEK, ID_BOOKING_STATUS, ID_SCREEN, ID_OBSERVATION) values (821554, 677622, 1, 672, 17996);
insert into K_BOOKING_WEEK_SCREEN (ID_BOOKING_WEEK_SCREEN, ID_BOOKING_WEEK, ID_BOOKING_STATUS, ID_SCREEN, ID_OBSERVATION) values (826971, 684972, 1, 673, null);
insert into K_BOOKING_WEEK_SCREEN (ID_BOOKING_WEEK_SCREEN, ID_BOOKING_WEEK, ID_BOOKING_STATUS, ID_SCREEN, ID_OBSERVATION) values (826972, 684972, 1, 686, null);
insert into K_BOOKING_WEEK_SCREEN (ID_BOOKING_WEEK_SCREEN, ID_BOOKING_WEEK, ID_BOOKING_STATUS, ID_SCREEN, ID_OBSERVATION) values (832481, 689404, 1, 683, null);
insert into K_BOOKING_WEEK_SCREEN (ID_BOOKING_WEEK_SCREEN, ID_BOOKING_WEEK, ID_BOOKING_STATUS, ID_SCREEN, ID_OBSERVATION) values (832482, 689404, 1, 676, null);
insert into K_BOOKING_WEEK_SCREEN (ID_BOOKING_WEEK_SCREEN, ID_BOOKING_WEEK, ID_BOOKING_STATUS, ID_SCREEN, ID_OBSERVATION) values (813253, 671937, 1, 681, 15738);
insert into K_BOOKING_WEEK_SCREEN (ID_BOOKING_WEEK_SCREEN, ID_BOOKING_WEEK, ID_BOOKING_STATUS, ID_SCREEN, ID_OBSERVATION) values (821579, 680063, 1, 682, null);
insert into K_BOOKING_WEEK_SCREEN (ID_BOOKING_WEEK_SCREEN, ID_BOOKING_WEEK, ID_BOOKING_STATUS, ID_SCREEN, ID_OBSERVATION) values (826995, 684991, 1, 673, null);
insert into K_BOOKING_WEEK_SCREEN (ID_BOOKING_WEEK_SCREEN, ID_BOOKING_WEEK, ID_BOOKING_STATUS, ID_SCREEN, ID_OBSERVATION) values (832483, 689405, 3, 673, null);
insert into K_BOOKING_WEEK_SCREEN (ID_BOOKING_WEEK_SCREEN, ID_BOOKING_WEEK, ID_BOOKING_STATUS, ID_SCREEN, ID_OBSERVATION) values (826966, 682801, 1, 675, null);
insert into K_BOOKING_WEEK_SCREEN (ID_BOOKING_WEEK_SCREEN, ID_BOOKING_WEEK, ID_BOOKING_STATUS, ID_SCREEN, ID_OBSERVATION) values (832486, 689408, 1, 679, 19897);
insert into K_BOOKING_WEEK_SCREEN (ID_BOOKING_WEEK_SCREEN, ID_BOOKING_WEEK, ID_BOOKING_STATUS, ID_SCREEN, ID_OBSERVATION) values (821551, 677505, 1, 683, null);
insert into K_BOOKING_WEEK_SCREEN (ID_BOOKING_WEEK_SCREEN, ID_BOOKING_WEEK, ID_BOOKING_STATUS, ID_SCREEN, ID_OBSERVATION) values (826996, 684992, 1, 676, null);
insert into K_BOOKING_WEEK_SCREEN (ID_BOOKING_WEEK_SCREEN, ID_BOOKING_WEEK, ID_BOOKING_STATUS, ID_SCREEN, ID_OBSERVATION) values (832489, 689411, 3, 682, null);
insert into K_BOOKING_WEEK_SCREEN (ID_BOOKING_WEEK_SCREEN, ID_BOOKING_WEEK, ID_BOOKING_STATUS, ID_SCREEN, ID_OBSERVATION) values (826969, 682942, 1, 682, null);
insert into K_BOOKING_WEEK_SCREEN (ID_BOOKING_WEEK_SCREEN, ID_BOOKING_WEEK, ID_BOOKING_STATUS, ID_SCREEN, ID_OBSERVATION) values (832499, 689419, 1, 680, null);
insert into K_BOOKING_WEEK_SCREEN (ID_BOOKING_WEEK_SCREEN, ID_BOOKING_WEEK, ID_BOOKING_STATUS, ID_SCREEN, ID_OBSERVATION) values (826967, 683010, 1, 681, 19275);
insert into K_BOOKING_WEEK_SCREEN (ID_BOOKING_WEEK_SCREEN, ID_BOOKING_WEEK, ID_BOOKING_STATUS, ID_SCREEN, ID_OBSERVATION) values (832498, 689418, 1, 677, null);
insert into K_BOOKING_WEEK_SCREEN (ID_BOOKING_WEEK_SCREEN, ID_BOOKING_WEEK, ID_BOOKING_STATUS, ID_SCREEN, ID_OBSERVATION) values (824589, 683031, 1, 687, null);
insert into K_BOOKING_WEEK_SCREEN (ID_BOOKING_WEEK_SCREEN, ID_BOOKING_WEEK, ID_BOOKING_STATUS, ID_SCREEN, ID_OBSERVATION) values (832502, 689422, 1, 687, null);
insert into K_BOOKING_WEEK_SCREEN (ID_BOOKING_WEEK_SCREEN, ID_BOOKING_WEEK, ID_BOOKING_STATUS, ID_SCREEN, ID_OBSERVATION) values (826970, 682828, 1, 677, 19273);
insert into K_BOOKING_WEEK_SCREEN (ID_BOOKING_WEEK_SCREEN, ID_BOOKING_WEEK, ID_BOOKING_STATUS, ID_SCREEN, ID_OBSERVATION) values (832492, 689413, 3, 677, null);
insert into K_BOOKING_WEEK_SCREEN (ID_BOOKING_WEEK_SCREEN, ID_BOOKING_WEEK, ID_BOOKING_STATUS, ID_SCREEN, ID_OBSERVATION) values (818254, 677652, 1, 684, null);
insert into K_BOOKING_WEEK_SCREEN (ID_BOOKING_WEEK_SCREEN, ID_BOOKING_WEEK, ID_BOOKING_STATUS, ID_SCREEN, ID_OBSERVATION) values (826997, 684993, 1, 684, null);
insert into K_BOOKING_WEEK_SCREEN (ID_BOOKING_WEEK_SCREEN, ID_BOOKING_WEEK, ID_BOOKING_STATUS, ID_SCREEN, ID_OBSERVATION) values (832500, 689420, 1, 684, null);
insert into K_BOOKING_WEEK_SCREEN (ID_BOOKING_WEEK_SCREEN, ID_BOOKING_WEEK, ID_BOOKING_STATUS, ID_SCREEN, ID_OBSERVATION) values (818235, 677533, 1, 684, 17995);
insert into K_BOOKING_WEEK_SCREEN (ID_BOOKING_WEEK_SCREEN, ID_BOOKING_WEEK, ID_BOOKING_STATUS, ID_SCREEN, ID_OBSERVATION) values (826998, 684994, 1, 684, null);
insert into K_BOOKING_WEEK_SCREEN (ID_BOOKING_WEEK_SCREEN, ID_BOOKING_WEEK, ID_BOOKING_STATUS, ID_SCREEN, ID_OBSERVATION) values (832501, 689421, 1, 684, null);
insert into K_BOOKING_WEEK_SCREEN (ID_BOOKING_WEEK_SCREEN, ID_BOOKING_WEEK, ID_BOOKING_STATUS, ID_SCREEN, ID_OBSERVATION) values (826968, 682857, 1, 678, null);
insert into K_BOOKING_WEEK_SCREEN (ID_BOOKING_WEEK_SCREEN, ID_BOOKING_WEEK, ID_BOOKING_STATUS, ID_SCREEN, ID_OBSERVATION) values (832493, 689414, 1, 678, null);
insert into K_BOOKING_WEEK_SCREEN (ID_BOOKING_WEEK_SCREEN, ID_BOOKING_WEEK, ID_BOOKING_STATUS, ID_SCREEN, ID_OBSERVATION) values (827015, 684998, 1, 681, 19274);
insert into K_BOOKING_WEEK_SCREEN (ID_BOOKING_WEEK_SCREEN, ID_BOOKING_WEEK, ID_BOOKING_STATUS, ID_SCREEN, ID_OBSERVATION) values (832497, 689417, 1, 677, null);

INSERT INTO K_BOOKING_SPECIAL_EVENT ( ID_BOOKING_SPECIAL_EVENT, ID_BOOKING, DT_START_SPECIAL_EVENT, DT_END_SPECIAL_EVENT, QT_COPY, FG_ACTIVE, DT_LAST_MODIFICATION, ID_LAST_USER_MODIFIER, ID_BOOKING_STATUS, QT_COPY_SCREEN_ZERO, QT_COPY_SCREEN_ZERO_TERMINATED ) VALUES ( 20, 4,  '2014-11-19 12:34:00', '2014-11-20 12:34:00', 3, 1, '2014-11-19 12:34:00', 1, 1, 1, 0 )
INSERT INTO K_BOOKING_SPECIAL_EVENT ( ID_BOOKING_SPECIAL_EVENT, ID_BOOKING, DT_START_SPECIAL_EVENT, DT_END_SPECIAL_EVENT, QT_COPY, FG_ACTIVE, DT_LAST_MODIFICATION, ID_LAST_USER_MODIFIER, ID_BOOKING_STATUS, QT_COPY_SCREEN_ZERO, QT_COPY_SCREEN_ZERO_TERMINATED ) VALUES ( 21, 4,  '2014-11-19 12:34:00', '2014-11-20 12:34:00', 3, 1, '2014-11-19 12:34:00', 1, 1, 0, 2 )

INSERT INTO K_BOOKING_SPECIAL_EVENT_SCREEN ( ID_BOOKING_SPECIAL_EVENT_SCREEN, ID_BOOKING_SPECIAL_EVENT, ID_SCREEN, ID_OBSERVATION, ID_BOOKING_STATUS) VALUES ( 24, 20, 1, 1, 1 )
INSERT INTO K_BOOKING_SPECIAL_EVENT_SCREEN ( ID_BOOKING_SPECIAL_EVENT_SCREEN, ID_BOOKING_SPECIAL_EVENT, ID_SCREEN, ID_OBSERVATION, ID_BOOKING_STATUS) VALUES ( 25, 20, 2, 1, 1 )

INSERT INTO K_BOOKING_SPECIAL_EVENT_SCREEN ( ID_BOOKING_SPECIAL_EVENT_SCREEN, ID_BOOKING_SPECIAL_EVENT, ID_SCREEN, ID_OBSERVATION, ID_BOOKING_STATUS) VALUES ( 26, 21, 1, 1, 1 )
INSERT INTO K_BOOKING_SPECIAL_EVENT_SCREEN ( ID_BOOKING_SPECIAL_EVENT_SCREEN, ID_BOOKING_SPECIAL_EVENT, ID_SCREEN, ID_OBSERVATION, ID_BOOKING_STATUS) VALUES ( 27, 21, 2, 1, 1 )




insert into K_PRESALE (ID_PRESALE,DT_START_DAY_PRESALE,DT_FINAL_DAY_PRESALE,DT_RELEASE_DAY,FG_ACTIVE,DT_LAST_MODIFICATION,ID_LAST_USER_MODIFIER, ID_BOOKING_WEEK_SCREEN) values (12,'2015-04-01 22:34:59','2015-04-07 22:34:59','2015-04-09 22:34:59',1,'2015-02-26 22:34:59',1, 832210)
insert into K_PRESALE (ID_PRESALE,DT_START_DAY_PRESALE,DT_FINAL_DAY_PRESALE,DT_RELEASE_DAY,FG_ACTIVE,DT_LAST_MODIFICATION,ID_LAST_USER_MODIFIER, ID_BOOKING_WEEK_SCREEN) values (13,'2015-04-01 22:34:59','2015-04-07 22:34:59','2015-04-09 22:34:59',1,'2015-02-26 22:34:59',1, 832211)
insert into K_PRESALE (ID_PRESALE,DT_START_DAY_PRESALE,DT_FINAL_DAY_PRESALE,DT_RELEASE_DAY,FG_ACTIVE,DT_LAST_MODIFICATION,ID_LAST_USER_MODIFIER, ID_BOOKING_WEEK_SCREEN) values (14,'2015-04-01 22:34:59','2015-04-07 22:34:59','2015-04-09 22:34:59',1,'2015-02-26 22:34:59',1, 832212)
insert into K_PRESALE (ID_PRESALE,DT_START_DAY_PRESALE,DT_FINAL_DAY_PRESALE,DT_RELEASE_DAY,FG_ACTIVE,DT_LAST_MODIFICATION,ID_LAST_USER_MODIFIER, ID_BOOKING_WEEK_SCREEN) values (15,'2015-04-01 22:34:59','2015-04-07 22:34:59','2015-04-09 22:34:59',1,'2015-02-26 22:34:59',1, 832213)
insert into K_PRESALE (ID_PRESALE,DT_START_DAY_PRESALE,DT_FINAL_DAY_PRESALE,DT_RELEASE_DAY,FG_ACTIVE,DT_LAST_MODIFICATION,ID_LAST_USER_MODIFIER, ID_BOOKING_WEEK_SCREEN) values (16,'2015-04-01 22:34:59','2015-04-07 22:34:59','2015-04-09 22:34:59',1,'2015-02-26 22:34:59',1, 824630)
insert into K_PRESALE (ID_PRESALE,DT_START_DAY_PRESALE,DT_FINAL_DAY_PRESALE,DT_RELEASE_DAY,FG_ACTIVE,DT_LAST_MODIFICATION,ID_LAST_USER_MODIFIER, ID_BOOKING_WEEK_SCREEN) values (17,'2015-04-07 22:34:59','2015-04-14 22:34:59','2015-04-16 22:34:59',1,'2015-02-26 22:34:59',1, 827251)
insert into K_PRESALE (ID_PRESALE,DT_START_DAY_PRESALE,DT_FINAL_DAY_PRESALE,DT_RELEASE_DAY,FG_ACTIVE,DT_LAST_MODIFICATION,ID_LAST_USER_MODIFIER, ID_BOOKING_WEEK_SCREEN) values (18,'2015-04-07 22:34:59','2015-04-14 22:34:59','2015-04-16 22:34:59',1,'2015-02-26 22:34:59',1, 832490)
insert into K_PRESALE (ID_PRESALE,DT_START_DAY_PRESALE,DT_FINAL_DAY_PRESALE,DT_RELEASE_DAY,FG_ACTIVE,DT_LAST_MODIFICATION,ID_LAST_USER_MODIFIER, ID_BOOKING_WEEK_SCREEN) values (19,'2015-04-07 22:34:59','2015-04-14 22:34:59','2015-04-16 22:34:59',1,'2015-02-26 22:34:59',1, 832491)
insert into K_PRESALE (ID_PRESALE,DT_START_DAY_PRESALE,DT_FINAL_DAY_PRESALE,DT_RELEASE_DAY,FG_ACTIVE,DT_LAST_MODIFICATION,ID_LAST_USER_MODIFIER, ID_BOOKING_WEEK_SCREEN) values (20,'2015-04-07 22:34:59','2015-04-14 22:34:59','2015-04-16 22:34:59',1,'2015-02-26 22:34:59',1, 826965)
insert into K_PRESALE (ID_PRESALE,DT_START_DAY_PRESALE,DT_FINAL_DAY_PRESALE,DT_RELEASE_DAY,FG_ACTIVE,DT_LAST_MODIFICATION,ID_LAST_USER_MODIFIER, ID_BOOKING_WEEK_SCREEN) values (21,'2015-04-07 22:34:59','2015-04-14 22:34:59','2015-04-16 22:34:59',1,'2015-02-26 22:34:59',1, 827250)

insert into K_PRESALE (ID_PRESALE,DT_START_DAY_PRESALE,DT_FINAL_DAY_PRESALE,DT_RELEASE_DAY,FG_ACTIVE,DT_LAST_MODIFICATION,ID_LAST_USER_MODIFIER, ID_BOOKING_SPECIAL_EVENT_SCREEN, ID_BOOKING_WEEK_SCREEN) values (22,'2015-04-07 22:34:59','2015-04-14 22:34:59','2015-04-16 22:34:59',1,'2015-02-26 22:34:59',1, 24,null)
insert into K_PRESALE (ID_PRESALE,DT_START_DAY_PRESALE,DT_FINAL_DAY_PRESALE,DT_RELEASE_DAY,FG_ACTIVE,DT_LAST_MODIFICATION,ID_LAST_USER_MODIFIER, ID_BOOKING_SPECIAL_EVENT_SCREEN, ID_BOOKING_WEEK_SCREEN) values (23,'2015-04-07 22:34:59','2015-04-14 22:34:59','2015-04-16 22:34:59',1,'2015-02-26 22:34:59',1, 25,null)
insert into K_PRESALE (ID_PRESALE,DT_START_DAY_PRESALE,DT_FINAL_DAY_PRESALE,DT_RELEASE_DAY,FG_ACTIVE,DT_LAST_MODIFICATION,ID_LAST_USER_MODIFIER, ID_BOOKING_SPECIAL_EVENT_SCREEN, ID_BOOKING_WEEK_SCREEN) values (24,'2015-04-07 22:34:59','2015-04-14 22:34:59','2015-04-16 22:34:59',1,'2015-02-26 22:34:59',1, 26,null)

