INSERT INTO C_OPERATION ( ID_OPERATION ) VALUES ( 1 )
INSERT INTO C_OPERATION ( ID_OPERATION ) VALUES ( 2 )

INSERT INTO C_OPERATION_LANGUAGE ( ID_OPERATION_LANGUAGE,ID_OPERATION,ID_LANGUAGE,DS_NAME ) VALUES ( 1,1,1,'Login' )
INSERT INTO C_OPERATION_LANGUAGE ( ID_OPERATION_LANGUAGE,ID_OPERATION,ID_LANGUAGE,DS_NAME ) VALUES ( 2,1,2,'Iniciar Sesion' )
INSERT INTO C_OPERATION_LANGUAGE ( ID_OPERATION_LANGUAGE,ID_OPERATION,ID_LANGUAGE,DS_NAME ) VALUES ( 3,2,1,'Logout' )
INSERT INTO C_OPERATION_LANGUAGE ( ID_OPERATION_LANGUAGE,ID_OPERATION,ID_LANGUAGE,DS_NAME ) VALUES ( 4,2,2,'Terminar Sesion' )

INSERT INTO C_PROCESS ( ID_PROCESS ) VALUES ( 1 )
INSERT INTO C_PROCESS ( ID_PROCESS ) VALUES ( 2 )
INSERT INTO C_PROCESS ( ID_PROCESS ) VALUES ( 3 )
INSERT INTO C_PROCESS ( ID_PROCESS ) VALUES ( 4 )

INSERT INTO C_PROCESS_LANGUAGE ( ID_PROCESS_LANGUAGE,ID_PROCESS,ID_LANGUAGE,DS_NAME ) VALUES ( 1,1,1,'Booking' )
INSERT INTO C_PROCESS_LANGUAGE ( ID_PROCESS_LANGUAGE,ID_PROCESS,ID_LANGUAGE,DS_NAME ) VALUES ( 2,1,2,'Programaciones' )
INSERT INTO C_PROCESS_LANGUAGE ( ID_PROCESS_LANGUAGE,ID_PROCESS,ID_LANGUAGE,DS_NAME ) VALUES ( 3,2,1,'Catalog' )
INSERT INTO C_PROCESS_LANGUAGE ( ID_PROCESS_LANGUAGE,ID_PROCESS,ID_LANGUAGE,DS_NAME ) VALUES ( 4,2,2,'Catálogos' )
INSERT INTO C_PROCESS_LANGUAGE ( ID_PROCESS_LANGUAGE,ID_PROCESS,ID_LANGUAGE,DS_NAME ) VALUES ( 5,3,1,'Report' )
INSERT INTO C_PROCESS_LANGUAGE ( ID_PROCESS_LANGUAGE,ID_PROCESS,ID_LANGUAGE,DS_NAME ) VALUES ( 6,3,2,'Reportes' )
INSERT INTO C_PROCESS_LANGUAGE ( ID_PROCESS_LANGUAGE,ID_PROCESS,ID_LANGUAGE,DS_NAME ) VALUES ( 7,4,1,'System' )
INSERT INTO C_PROCESS_LANGUAGE ( ID_PROCESS_LANGUAGE,ID_PROCESS,ID_LANGUAGE,DS_NAME ) VALUES ( 8,4,2,'Sistema' )

INSERT INTO K_SYSTEM_LOG (ID_SYSTEM_LOG,ID_USER,ID_OPERATION,ID_PROCESS,DT_OPERATION) VALUES(1,1,1,1,'2014-06-17 12:00:00')
INSERT INTO K_SYSTEM_LOG (ID_SYSTEM_LOG,ID_USER,ID_OPERATION,ID_PROCESS,DT_OPERATION) VALUES(2,1,1,2,'2014-06-18 12:00:00')
INSERT INTO K_SYSTEM_LOG (ID_SYSTEM_LOG,ID_USER,ID_OPERATION,ID_PROCESS,DT_OPERATION) VALUES(3,1,1,3,'2014-06-19 12:00:00')
INSERT INTO K_SYSTEM_LOG (ID_SYSTEM_LOG,ID_USER,ID_OPERATION,ID_PROCESS,DT_OPERATION) VALUES(4,1,1,4,'2014-06-20 12:00:00')
INSERT INTO K_SYSTEM_LOG (ID_SYSTEM_LOG,ID_USER,ID_OPERATION,ID_PROCESS,DT_OPERATION) VALUES(5,1,1,1,'2014-06-21 12:00:00')
INSERT INTO K_SYSTEM_LOG (ID_SYSTEM_LOG,ID_USER,ID_OPERATION,ID_PROCESS,DT_OPERATION) VALUES(6,1,1,2,'2014-06-22 12:00:00')
INSERT INTO K_SYSTEM_LOG (ID_SYSTEM_LOG,ID_USER,ID_OPERATION,ID_PROCESS,DT_OPERATION) VALUES(7,1,1,3,'2014-06-23 12:00:00')
INSERT INTO K_SYSTEM_LOG (ID_SYSTEM_LOG,ID_USER,ID_OPERATION,ID_PROCESS,DT_OPERATION) VALUES(8,1,1,4,'2014-06-24 12:00:00')

INSERT INTO K_SYSTEM_LOG (ID_SYSTEM_LOG,ID_USER,ID_OPERATION,ID_PROCESS,DT_OPERATION) VALUES(9,1,1,4,'2014-06-18 12:00:00')
INSERT INTO K_SYSTEM_LOG (ID_SYSTEM_LOG,ID_USER,ID_OPERATION,ID_PROCESS,DT_OPERATION) VALUES(10,1,1,3,'2014-06-19 12:00:00')
INSERT INTO K_SYSTEM_LOG (ID_SYSTEM_LOG,ID_USER,ID_OPERATION,ID_PROCESS,DT_OPERATION) VALUES(11,1,1,2,'2014-06-20 12:00:00')
INSERT INTO K_SYSTEM_LOG (ID_SYSTEM_LOG,ID_USER,ID_OPERATION,ID_PROCESS,DT_OPERATION) VALUES(12,1,1,1,'2014-06-21 12:00:00')
INSERT INTO K_SYSTEM_LOG (ID_SYSTEM_LOG,ID_USER,ID_OPERATION,ID_PROCESS,DT_OPERATION) VALUES(13,1,1,4,'2014-06-22 12:00:00')
INSERT INTO K_SYSTEM_LOG (ID_SYSTEM_LOG,ID_USER,ID_OPERATION,ID_PROCESS,DT_OPERATION) VALUES(14,1,1,3,'2014-06-23 12:00:00')
INSERT INTO K_SYSTEM_LOG (ID_SYSTEM_LOG,ID_USER,ID_OPERATION,ID_PROCESS,DT_OPERATION) VALUES(15,1,1,2,'2014-06-24 12:00:00')

INSERT INTO K_SYSTEM_LOG (ID_SYSTEM_LOG,ID_USER,ID_OPERATION,ID_PROCESS,DT_OPERATION) VALUES(16,2,2,1,'2014-06-18 12:00:00')
INSERT INTO K_SYSTEM_LOG (ID_SYSTEM_LOG,ID_USER,ID_OPERATION,ID_PROCESS,DT_OPERATION) VALUES(18,2,2,2,'2014-06-19 12:00:00')
INSERT INTO K_SYSTEM_LOG (ID_SYSTEM_LOG,ID_USER,ID_OPERATION,ID_PROCESS,DT_OPERATION) VALUES(19,2,2,3,'2014-06-20 12:00:00')
INSERT INTO K_SYSTEM_LOG (ID_SYSTEM_LOG,ID_USER,ID_OPERATION,ID_PROCESS,DT_OPERATION) VALUES(20,2,2,4,'2014-06-21 12:00:00')
INSERT INTO K_SYSTEM_LOG (ID_SYSTEM_LOG,ID_USER,ID_OPERATION,ID_PROCESS,DT_OPERATION) VALUES(21,2,2,1,'2014-06-22 12:00:00')
INSERT INTO K_SYSTEM_LOG (ID_SYSTEM_LOG,ID_USER,ID_OPERATION,ID_PROCESS,DT_OPERATION) VALUES(22,2,2,2,'2014-06-23 12:00:00')
INSERT INTO K_SYSTEM_LOG (ID_SYSTEM_LOG,ID_USER,ID_OPERATION,ID_PROCESS,DT_OPERATION) VALUES(23,2,2,3,'2014-06-24 12:00:00')

INSERT INTO K_SYSTEM_LOG (ID_SYSTEM_LOG,ID_USER,ID_OPERATION,ID_PROCESS,DT_OPERATION) VALUES(24,2,2,4,'2014-06-18 12:00:00')
INSERT INTO K_SYSTEM_LOG (ID_SYSTEM_LOG,ID_USER,ID_OPERATION,ID_PROCESS,DT_OPERATION) VALUES(25,2,2,3,'2014-06-19 12:00:00')
INSERT INTO K_SYSTEM_LOG (ID_SYSTEM_LOG,ID_USER,ID_OPERATION,ID_PROCESS,DT_OPERATION) VALUES(26,2,2,2,'2014-06-20 12:00:00')
INSERT INTO K_SYSTEM_LOG (ID_SYSTEM_LOG,ID_USER,ID_OPERATION,ID_PROCESS,DT_OPERATION) VALUES(27,2,2,1,'2014-06-21 12:00:00')
INSERT INTO K_SYSTEM_LOG (ID_SYSTEM_LOG,ID_USER,ID_OPERATION,ID_PROCESS,DT_OPERATION) VALUES(28,2,2,4,'2014-06-22 12:00:00')
INSERT INTO K_SYSTEM_LOG (ID_SYSTEM_LOG,ID_USER,ID_OPERATION,ID_PROCESS,DT_OPERATION) VALUES(29,2,2,3,'2014-06-23 12:00:00')
INSERT INTO K_SYSTEM_LOG (ID_SYSTEM_LOG,ID_USER,ID_OPERATION,ID_PROCESS,DT_OPERATION) VALUES(30,2,2,2,'2014-06-24 12:00:00')
