INSERT INTO C_CATEGORY_TYPE ( ID_CATEGORY_TYPE ) VALUES ( 4 )
INSERT INTO C_CATEGORY_TYPE ( ID_CATEGORY_TYPE ) VALUES ( 5 )
INSERT INTO C_CATEGORY_TYPE ( ID_CATEGORY_TYPE ) VALUES ( 6 )

INSERT INTO C_CATEGORY_TYPE_LANGUAGE ( ID_CATEGORY_TYPE_LANGUAGE, ID_CATEGORY_TYPE, ID_LANGUAGE, DS_NAME ) VALUES ( 7, 4, 1, 'Trailer rating')
INSERT INTO C_CATEGORY_TYPE_LANGUAGE ( ID_CATEGORY_TYPE_LANGUAGE, ID_CATEGORY_TYPE, ID_LANGUAGE, DS_NAME ) VALUES ( 8, 4, 2, 'Trailer Clasificación')
INSERT INTO C_CATEGORY_TYPE_LANGUAGE ( ID_CATEGORY_TYPE_LANGUAGE, ID_CATEGORY_TYPE, ID_LANGUAGE, DS_NAME ) VALUES ( 9, 5, 1, 'Trailer format')
INSERT INTO C_CATEGORY_TYPE_LANGUAGE ( ID_CATEGORY_TYPE_LANGUAGE, ID_CATEGORY_TYPE, ID_LANGUAGE, DS_NAME ) VALUES ( 10, 5, 2, 'Formato de trailer')
INSERT INTO C_CATEGORY_TYPE_LANGUAGE ( ID_CATEGORY_TYPE_LANGUAGE, ID_CATEGORY_TYPE, ID_LANGUAGE, DS_NAME ) VALUES ( 11, 6, 1, 'Version')
INSERT INTO C_CATEGORY_TYPE_LANGUAGE ( ID_CATEGORY_TYPE_LANGUAGE, ID_CATEGORY_TYPE, ID_LANGUAGE, DS_NAME ) VALUES ( 12, 6, 2, 'Version')

INSERT INTO C_CATEGORY ( ID_CATEGORY, ID_CATEGORY_TYPE, FG_ACTIVE, DT_LAST_MODIFICATION, ID_LAST_USER_MODIFIER ) VALUES (33, 4, 1, '2014-06-17 12:00:00', 1 )
INSERT INTO C_CATEGORY ( ID_CATEGORY, ID_CATEGORY_TYPE, FG_ACTIVE, DT_LAST_MODIFICATION, ID_LAST_USER_MODIFIER ) VALUES (34, 4, 1, '2014-06-17 12:00:00', 1 )
INSERT INTO C_CATEGORY ( ID_CATEGORY, ID_CATEGORY_TYPE, FG_ACTIVE, DT_LAST_MODIFICATION, ID_LAST_USER_MODIFIER ) VALUES (35, 4, 1, '2014-06-17 12:00:00', 1 )
INSERT INTO C_CATEGORY ( ID_CATEGORY, ID_CATEGORY_TYPE, FG_ACTIVE, DT_LAST_MODIFICATION, ID_LAST_USER_MODIFIER ) VALUES (36, 4, 1, '2014-06-17 12:00:00', 1 )
INSERT INTO C_CATEGORY ( ID_CATEGORY, ID_CATEGORY_TYPE, FG_ACTIVE, DT_LAST_MODIFICATION, ID_LAST_USER_MODIFIER ) VALUES (37, 4, 1, '2014-06-17 12:00:00', 1 )
INSERT INTO C_CATEGORY ( ID_CATEGORY, ID_CATEGORY_TYPE, FG_ACTIVE, DT_LAST_MODIFICATION, ID_LAST_USER_MODIFIER ) VALUES (38, 5, 1, '2014-06-17 12:00:00', 1 )
INSERT INTO C_CATEGORY ( ID_CATEGORY, ID_CATEGORY_TYPE, FG_ACTIVE, DT_LAST_MODIFICATION, ID_LAST_USER_MODIFIER ) VALUES (39, 5, 1, '2014-06-17 12:00:00', 1 )
INSERT INTO C_CATEGORY ( ID_CATEGORY, ID_CATEGORY_TYPE, FG_ACTIVE, DT_LAST_MODIFICATION, ID_LAST_USER_MODIFIER ) VALUES (40, 5, 1, '2014-06-17 12:00:00', 1 )
INSERT INTO C_CATEGORY ( ID_CATEGORY, ID_CATEGORY_TYPE, FG_ACTIVE, DT_LAST_MODIFICATION, ID_LAST_USER_MODIFIER ) VALUES (41, 5, 1, '2014-06-17 12:00:00', 1 )
INSERT INTO C_CATEGORY ( ID_CATEGORY, ID_CATEGORY_TYPE, FG_ACTIVE, DT_LAST_MODIFICATION, ID_LAST_USER_MODIFIER ) VALUES (42, 6, 1, '2014-06-17 12:00:00', 1 )
INSERT INTO C_CATEGORY ( ID_CATEGORY, ID_CATEGORY_TYPE, FG_ACTIVE, DT_LAST_MODIFICATION, ID_LAST_USER_MODIFIER ) VALUES (43, 6, 1, '2014-06-17 12:00:00', 1 )
INSERT INTO C_CATEGORY ( ID_CATEGORY, ID_CATEGORY_TYPE, FG_ACTIVE, DT_LAST_MODIFICATION, ID_LAST_USER_MODIFIER ) VALUES (44, 6, 1, '2014-06-17 12:00:00', 1 )

INSERT INTO C_CATEGORY_LANGUAGE ( ID_CATEGORY_LANGUAGE, ID_CATEGORY, ID_LANGUAGE, DS_NAME ) VALUES ( 64, 33, 1, 'G' )
INSERT INTO C_CATEGORY_LANGUAGE ( ID_CATEGORY_LANGUAGE, ID_CATEGORY, ID_LANGUAGE, DS_NAME ) VALUES ( 65, 33, 2, 'A' )
INSERT INTO C_CATEGORY_LANGUAGE ( ID_CATEGORY_LANGUAGE, ID_CATEGORY, ID_LANGUAGE, DS_NAME ) VALUES ( 66, 34, 1, 'PG' )
INSERT INTO C_CATEGORY_LANGUAGE ( ID_CATEGORY_LANGUAGE, ID_CATEGORY, ID_LANGUAGE, DS_NAME ) VALUES ( 67, 34, 2, 'B' )
INSERT INTO C_CATEGORY_LANGUAGE ( ID_CATEGORY_LANGUAGE, ID_CATEGORY, ID_LANGUAGE, DS_NAME ) VALUES ( 68, 35, 1, 'R' )
INSERT INTO C_CATEGORY_LANGUAGE ( ID_CATEGORY_LANGUAGE, ID_CATEGORY, ID_LANGUAGE, DS_NAME ) VALUES ( 69, 35, 2, 'C' )
INSERT INTO C_CATEGORY_LANGUAGE ( ID_CATEGORY_LANGUAGE, ID_CATEGORY, ID_LANGUAGE, DS_NAME ) VALUES ( 70, 38, 1, '2D' )
INSERT INTO C_CATEGORY_LANGUAGE ( ID_CATEGORY_LANGUAGE, ID_CATEGORY, ID_LANGUAGE, DS_NAME ) VALUES ( 71, 38, 2, '2D' )
INSERT INTO C_CATEGORY_LANGUAGE ( ID_CATEGORY_LANGUAGE, ID_CATEGORY, ID_LANGUAGE, DS_NAME ) VALUES ( 72, 39, 1, 'IMAX' )
INSERT INTO C_CATEGORY_LANGUAGE ( ID_CATEGORY_LANGUAGE, ID_CATEGORY, ID_LANGUAGE, DS_NAME ) VALUES ( 73, 39, 2, 'IMAX' )
INSERT INTO C_CATEGORY_LANGUAGE ( ID_CATEGORY_LANGUAGE, ID_CATEGORY, ID_LANGUAGE, DS_NAME ) VALUES ( 74, 40, 1, '3D' )
INSERT INTO C_CATEGORY_LANGUAGE ( ID_CATEGORY_LANGUAGE, ID_CATEGORY, ID_LANGUAGE, DS_NAME ) VALUES ( 75, 40, 2, '3D' )
INSERT INTO C_CATEGORY_LANGUAGE ( ID_CATEGORY_LANGUAGE, ID_CATEGORY, ID_LANGUAGE, DS_NAME ) VALUES ( 76, 42, 1, 'DOB' )
INSERT INTO C_CATEGORY_LANGUAGE ( ID_CATEGORY_LANGUAGE, ID_CATEGORY, ID_LANGUAGE, DS_NAME ) VALUES ( 77, 42, 2, 'DOB' )
INSERT INTO C_CATEGORY_LANGUAGE ( ID_CATEGORY_LANGUAGE, ID_CATEGORY, ID_LANGUAGE, DS_NAME ) VALUES ( 79, 43, 1, 'SUB' )
INSERT INTO C_CATEGORY_LANGUAGE ( ID_CATEGORY_LANGUAGE, ID_CATEGORY, ID_LANGUAGE, DS_NAME ) VALUES ( 80, 43, 2, 'SUB' )


INSERT INTO C_TRAILER_STATUS(ID_TRAILER_STATUS) VALUES(1)
INSERT INTO C_TRAILER_STATUS(ID_TRAILER_STATUS) VALUES(2)
INSERT INTO C_TRAILER_STATUS(ID_TRAILER_STATUS) VALUES(3)
INSERT INTO C_TRAILER_STATUS(ID_TRAILER_STATUS) VALUES(4)

INSERT INTO C_TRAILER_STATUS_LANGUAGE(ID_TRAILER_STATUS_LANGUAGE,ID_TRAILER_STATUS,ID_LANGUAGE,DS_NAME) VALUES(1,1,1,'Next release')
INSERT INTO C_TRAILER_STATUS_LANGUAGE(ID_TRAILER_STATUS_LANGUAGE,ID_TRAILER_STATUS,ID_LANGUAGE,DS_NAME) VALUES(2,1,2,'Proximo estreno')
INSERT INTO C_TRAILER_STATUS_LANGUAGE(ID_TRAILER_STATUS_LANGUAGE,ID_TRAILER_STATUS,ID_LANGUAGE,DS_NAME) VALUES(3,2,1,'New trailer')
INSERT INTO C_TRAILER_STATUS_LANGUAGE(ID_TRAILER_STATUS_LANGUAGE,ID_TRAILER_STATUS,ID_LANGUAGE,DS_NAME) VALUES(4,2,2,'Trailer nuevo')
INSERT INTO C_TRAILER_STATUS_LANGUAGE(ID_TRAILER_STATUS_LANGUAGE,ID_TRAILER_STATUS,ID_LANGUAGE,DS_NAME) VALUES(5,3,1,'Pending release date')
INSERT INTO C_TRAILER_STATUS_LANGUAGE(ID_TRAILER_STATUS_LANGUAGE,ID_TRAILER_STATUS,ID_LANGUAGE,DS_NAME) VALUES(6,3,2,'Pendiente fecha de estreno')
INSERT INTO C_TRAILER_STATUS_LANGUAGE(ID_TRAILER_STATUS_LANGUAGE,ID_TRAILER_STATUS,ID_LANGUAGE,DS_NAME) VALUES(7,4,1,'Premiered only in some cinemas')
INSERT INTO C_TRAILER_STATUS_LANGUAGE(ID_TRAILER_STATUS_LANGUAGE,ID_TRAILER_STATUS,ID_LANGUAGE,DS_NAME) VALUES(8,4,2,'Se estrenó solo en algunos cines')

INSERT INTO K_TRAILER(ID_TRAILER,ID_TRAILER_STATUS,ID_DISTRIBUTOR,DS_NAME,QT_DURATION,DS_GENRE,DT_RELEASE,FG_CURRENT,DT_LAST_MODIFICATION,ID_LAST_USER_MODIFIER,FG_ACTIVE) VALUES(1,1,1,'Rapidos y furiosos 6',147,'Comedia','2015-06-23',1,'2015-06-23 15:00:00',1,1)
INSERT INTO K_TRAILER(ID_TRAILER,ID_TRAILER_STATUS,ID_DISTRIBUTOR,DS_NAME,QT_DURATION,DS_GENRE,DT_RELEASE,FG_CURRENT,DT_LAST_MODIFICATION,ID_LAST_USER_MODIFIER,FG_ACTIVE) VALUES(2,2,2,'Chappie 2D Sub',160,'Terror','2015-06-26',1,'2015-06-23 15:00:00',1,1)
INSERT INTO K_TRAILER(ID_TRAILER,ID_TRAILER_STATUS,ID_DISTRIBUTOR,DS_NAME,QT_DURATION,DS_GENRE,DT_RELEASE,FG_CURRENT,DT_LAST_MODIFICATION,ID_LAST_USER_MODIFIER,FG_ACTIVE) VALUES(3,3,1,'Star Wars: Episodio VII 2D Sub',142,'Aventura','2015-06-05',1,'2015-06-23 15:00:00',1,1)
INSERT INTO K_TRAILER(ID_TRAILER,ID_TRAILER_STATUS,ID_DISTRIBUTOR,DS_NAME,QT_DURATION,DS_GENRE,DT_RELEASE,FG_CURRENT,DT_LAST_MODIFICATION,ID_LAST_USER_MODIFIER,FG_ACTIVE) VALUES(4,4,2,'Timbuktu',180,'Suspenso','2015-06-18',1,'2015-06-23 15:00:00',1,1)
INSERT INTO K_TRAILER(ID_TRAILER,ID_TRAILER_STATUS,ID_DISTRIBUTOR,DS_NAME,QT_DURATION,DS_GENRE,DT_RELEASE,FG_CURRENT,DT_LAST_MODIFICATION,ID_LAST_USER_MODIFIER,FG_ACTIVE) VALUES(5,1,1,'Terminator genesis',155,'Acción','2015-06-13',1,'2015-06-23 15:00:00',1,1)

INSERT INTO K_TRAILER_X_CATEGORY ( ID_TRAILER, ID_CATEGORY ) VALUES ( 1, 4 )
INSERT INTO K_TRAILER_X_CATEGORY ( ID_TRAILER, ID_CATEGORY ) VALUES ( 1, 5 )
INSERT INTO K_TRAILER_X_CATEGORY ( ID_TRAILER, ID_CATEGORY ) VALUES ( 1, 6 )
INSERT INTO K_TRAILER_X_CATEGORY ( ID_TRAILER, ID_CATEGORY ) VALUES ( 2, 4 )
INSERT INTO K_TRAILER_X_CATEGORY ( ID_TRAILER, ID_CATEGORY ) VALUES ( 2, 5 )
INSERT INTO K_TRAILER_X_CATEGORY ( ID_TRAILER, ID_CATEGORY ) VALUES ( 2, 6 )
INSERT INTO K_TRAILER_X_CATEGORY ( ID_TRAILER, ID_CATEGORY ) VALUES ( 3, 4 )
INSERT INTO K_TRAILER_X_CATEGORY ( ID_TRAILER, ID_CATEGORY ) VALUES ( 3, 5 )
INSERT INTO K_TRAILER_X_CATEGORY ( ID_TRAILER, ID_CATEGORY ) VALUES ( 3, 6 )
INSERT INTO K_TRAILER_X_CATEGORY ( ID_TRAILER, ID_CATEGORY ) VALUES ( 4, 4 )
INSERT INTO K_TRAILER_X_CATEGORY ( ID_TRAILER, ID_CATEGORY ) VALUES ( 4, 5 )
INSERT INTO K_TRAILER_X_CATEGORY ( ID_TRAILER, ID_CATEGORY ) VALUES ( 4, 6 )
INSERT INTO K_TRAILER_X_CATEGORY ( ID_TRAILER, ID_CATEGORY ) VALUES ( 5, 4 )
INSERT INTO K_TRAILER_X_CATEGORY ( ID_TRAILER, ID_CATEGORY ) VALUES ( 5, 5 )