
-- Theater 1
INSERT INTO K_BOOKING ( ID_BOOKING, ID_EVENT, ID_THEATER, FG_ACTIVE, DT_LAST_MODIFICATION, ID_LAST_USER_MODIFIER, FG_BOOKED, ID_BOOKING_TYPE )VALUES ( 100, 1, 1, 1, '2014-05-29 12:34:00', 1, 1,1 )
INSERT INTO K_BOOKING ( ID_BOOKING, ID_EVENT, ID_THEATER, FG_ACTIVE, DT_LAST_MODIFICATION, ID_LAST_USER_MODIFIER, FG_BOOKED, ID_BOOKING_TYPE )VALUES ( 101, 2, 1, 1, '2014-05-29 12:34:00', 1, 1,1 )
INSERT INTO K_BOOKING ( ID_BOOKING, ID_EVENT, ID_THEATER, FG_ACTIVE, DT_LAST_MODIFICATION, ID_LAST_USER_MODIFIER, FG_BOOKED, ID_BOOKING_TYPE )VALUES( 102, 13, 1, 1, '2014-05-29 12:34:00', 1, 1,1)
--sem 15

INSERT INTO K_BOOKING_WEEK ( ID_BOOKING_WEEK, ID_BOOKING, ID_BOOKING_STATUS, ID_WEEK, DT_EXHIBITION_END_DATE, NU_EXHIBITION_WEEK, QT_COPY, FG_SEND, FG_ACTIVE, DT_LAST_MODIFICATION, ID_LAST_USER_MODIFIER) VALUES ( 100, 100, 1, 15, null, 1, 3, 0, 1, '2014-05-29 12:34:00', 1 )
INSERT INTO K_BOOKING_WEEK ( ID_BOOKING_WEEK, ID_BOOKING, ID_BOOKING_STATUS, ID_WEEK, DT_EXHIBITION_END_DATE, NU_EXHIBITION_WEEK, QT_COPY, FG_SEND, FG_ACTIVE, DT_LAST_MODIFICATION, ID_LAST_USER_MODIFIER) VALUES ( 101, 101, 1, 15, null, 1, 3, 0, 1, '2014-05-29 12:34:00', 1 )
INSERT INTO K_BOOKING_WEEK ( ID_BOOKING_WEEK, ID_BOOKING, ID_BOOKING_STATUS, ID_WEEK, DT_EXHIBITION_END_DATE, NU_EXHIBITION_WEEK, QT_COPY, FG_SEND, FG_ACTIVE, DT_LAST_MODIFICATION, ID_LAST_USER_MODIFIER) VALUES ( 102, 102, 1, 15, null, 2, 3, 0, 1, '2014-05-29 12:34:00', 1 )

INSERT INTO K_OBSERVATION ( ID_OBSERVATION, ID_USER, DS_OBSERVATION, FG_ACTIVE, DT_LAST_MODIFICATION, ID_LAST_USER_MODIFIER ) VALUES ( 100, 1, 'Observation 1', 1, '2014-04-22 12:00:00', 1);

INSERT INTO K_BOOKING_WEEK_SCREEN ( ID_BOOKING_WEEK_SCREEN, ID_BOOKING_WEEK, ID_BOOKING_STATUS, ID_SCREEN, ID_OBSERVATION ) VALUES ( 100, 100, 1, 1, 100 )
INSERT INTO K_BOOKING_WEEK_SCREEN ( ID_BOOKING_WEEK_SCREEN, ID_BOOKING_WEEK, ID_BOOKING_STATUS, ID_SCREEN, ID_OBSERVATION ) VALUES ( 101, 100, 1, 2, null )
INSERT INTO K_BOOKING_WEEK_SCREEN ( ID_BOOKING_WEEK_SCREEN, ID_BOOKING_WEEK, ID_BOOKING_STATUS, ID_SCREEN, ID_OBSERVATION ) VALUES ( 102, 101, 1, 2, 100 )
INSERT INTO K_BOOKING_WEEK_SCREEN ( ID_BOOKING_WEEK_SCREEN, ID_BOOKING_WEEK, ID_BOOKING_STATUS, ID_SCREEN, ID_OBSERVATION ) VALUES ( 103, 102, 1, 3, null )

--Programacion de evento especial
INSERT INTO K_BOOKING_SPECIAL_EVENT ( ID_BOOKING_SPECIAL_EVENT, ID_BOOKING, DT_START_SPECIAL_EVENT, DT_END_SPECIAL_EVENT, QT_COPY, FG_ACTIVE, DT_LAST_MODIFICATION, ID_LAST_USER_MODIFIER, ID_BOOKING_STATUS, QT_COPY_SCREEN_ZERO, QT_COPY_SCREEN_ZERO_TERMINATED ,FG_SHOW_DATE) VALUES ( 100, 100,  '2014-11-19 12:34:00', '2014-11-20 12:34:00', 3, 1, '2014-11-19 12:34:00', 1, 1, 0, 0,1 )
INSERT INTO K_BOOKING_SPECIAL_EVENT ( ID_BOOKING_SPECIAL_EVENT, ID_BOOKING, DT_START_SPECIAL_EVENT, DT_END_SPECIAL_EVENT, QT_COPY, FG_ACTIVE, DT_LAST_MODIFICATION, ID_LAST_USER_MODIFIER, ID_BOOKING_STATUS, QT_COPY_SCREEN_ZERO, QT_COPY_SCREEN_ZERO_TERMINATED ,FG_SHOW_DATE) VALUES ( 101, 101,  '2014-11-19 12:34:00', '2014-11-20 12:34:00', 3, 1, '2014-11-19 12:34:00', 1, 1, 0, 0,1 )
INSERT INTO K_BOOKING_SPECIAL_EVENT ( ID_BOOKING_SPECIAL_EVENT, ID_BOOKING, DT_START_SPECIAL_EVENT, DT_END_SPECIAL_EVENT, QT_COPY, FG_ACTIVE, DT_LAST_MODIFICATION, ID_LAST_USER_MODIFIER, ID_BOOKING_STATUS, QT_COPY_SCREEN_ZERO, QT_COPY_SCREEN_ZERO_TERMINATED ,FG_SHOW_DATE) VALUES ( 102, 102,  '2014-11-19 12:34:00', '2014-11-20 12:34:00', 3, 1, '2014-11-19 12:34:00', 1, 1, 0, 0,1 )

INSERT INTO K_BOOKING_SPECIAL_EVENT_SCREEN ( ID_BOOKING_SPECIAL_EVENT_SCREEN, ID_BOOKING_SPECIAL_EVENT, ID_SCREEN, ID_OBSERVATION, ID_BOOKING_STATUS) VALUES ( 100, 100, 1, 1, 1 )
INSERT INTO K_BOOKING_SPECIAL_EVENT_SCREEN ( ID_BOOKING_SPECIAL_EVENT_SCREEN, ID_BOOKING_SPECIAL_EVENT, ID_SCREEN, ID_OBSERVATION, ID_BOOKING_STATUS) VALUES ( 101, 101, 1, 1, 1 )
INSERT INTO K_BOOKING_SPECIAL_EVENT_SCREEN ( ID_BOOKING_SPECIAL_EVENT_SCREEN, ID_BOOKING_SPECIAL_EVENT, ID_SCREEN, ID_OBSERVATION, ID_BOOKING_STATUS) VALUES ( 102, 102, 1, 1, 1 )
INSERT INTO K_BOOKING_SPECIAL_EVENT_SCREEN ( ID_BOOKING_SPECIAL_EVENT_SCREEN, ID_BOOKING_SPECIAL_EVENT, ID_SCREEN, ID_OBSERVATION, ID_BOOKING_STATUS) VALUES ( 103, 102, 1, 1, 1 )

INSERT INTO K_SPECIAL_EVENT_WEEK ( ID_SPECIAL_EVENT_WEEK, ID_BOOKING_SPECIAL_EVENT, ID_WEEK, FG_ACTIVE, ID_LAST_USER_MODIFIER, DT_LAST_MODIFICATION ) VALUES ( 100, 100, 15, 1, 1, '2014-12-12 12:00:00' );
INSERT INTO K_SPECIAL_EVENT_WEEK ( ID_SPECIAL_EVENT_WEEK, ID_BOOKING_SPECIAL_EVENT, ID_WEEK, FG_ACTIVE, ID_LAST_USER_MODIFIER, DT_LAST_MODIFICATION ) VALUES ( 101, 101, 15, 1, 1, '2014-12-12 12:00:00' );

--Theater 2
--INSERT INTO K_BOOKING ( ID_BOOKING, ID_EVENT, ID_WEEK, ID_THEATER, ID_BOOKING_STATUS, NU_EXHIBITION_WEEK, DT_EXHIBITION_END_DATE, QT_COPY, FG_ACTIVE, DT_LAST_MODIFICATION, ID_LAST_USER_MODIFIER ) values (53,1,15,2,1,1,null,3,1,'2014-04-14',1);
--INSERT INTO K_BOOKING ( ID_BOOKING, ID_EVENT, ID_WEEK, ID_THEATER, ID_BOOKING_STATUS, NU_EXHIBITION_WEEK, DT_EXHIBITION_END_DATE, QT_COPY, FG_ACTIVE, DT_LAST_MODIFICATION, ID_LAST_USER_MODIFIER ) values (54,2,15,2,4,1,null,12,1,'2014-04-14',1);
--INSERT INTO K_BOOKING ( ID_BOOKING, ID_EVENT, ID_WEEK, ID_THEATER, ID_BOOKING_STATUS, NU_EXHIBITION_WEEK, DT_EXHIBITION_END_DATE, QT_COPY, FG_ACTIVE, DT_LAST_MODIFICATION, ID_LAST_USER_MODIFIER ) values (55,3,15,2,5,2,null,14,1,'2014-04-14',1);
INSERT INTO K_BOOKING ( ID_BOOKING, ID_EVENT, ID_THEATER, FG_ACTIVE, DT_LAST_MODIFICATION, ID_LAST_USER_MODIFIER, FG_BOOKED, ID_BOOKING_TYPE ) VALUES ( 103, 1, 2, 1, '2014-05-29 12:34:00', 1, 1, 1 )
INSERT INTO K_BOOKING ( ID_BOOKING, ID_EVENT, ID_THEATER, FG_ACTIVE, DT_LAST_MODIFICATION, ID_LAST_USER_MODIFIER, FG_BOOKED, ID_BOOKING_TYPE ) VALUES ( 104, 2, 2, 1, '2014-05-29 12:34:00', 1, 1 ,1)
INSERT INTO K_BOOKING ( ID_BOOKING, ID_EVENT, ID_THEATER, FG_ACTIVE, DT_LAST_MODIFICATION, ID_LAST_USER_MODIFIER, FG_BOOKED, ID_BOOKING_TYPE ) VALUES ( 105, 13, 2, 1, '2014-05-29 12:34:00', 1, 1 ,1)

INSERT INTO K_BOOKING_WEEK ( ID_BOOKING_WEEK, ID_BOOKING, ID_BOOKING_STATUS, ID_WEEK, DT_EXHIBITION_END_DATE, NU_EXHIBITION_WEEK, QT_COPY, FG_SEND, FG_ACTIVE, DT_LAST_MODIFICATION, ID_LAST_USER_MODIFIER) VALUES ( 103, 103, 1, 15, null, 1, 3, 0, 1, '2014-05-29 12:34:00', 1 )
INSERT INTO K_BOOKING_WEEK ( ID_BOOKING_WEEK, ID_BOOKING, ID_BOOKING_STATUS, ID_WEEK, DT_EXHIBITION_END_DATE, NU_EXHIBITION_WEEK, QT_COPY, FG_SEND, FG_ACTIVE, DT_LAST_MODIFICATION, ID_LAST_USER_MODIFIER) VALUES ( 104, 104, 1, 15, null, 1, 3, 0, 1, '2014-05-29 12:34:00', 1 )
INSERT INTO K_BOOKING_WEEK ( ID_BOOKING_WEEK, ID_BOOKING, ID_BOOKING_STATUS, ID_WEEK, DT_EXHIBITION_END_DATE, NU_EXHIBITION_WEEK, QT_COPY, FG_SEND, FG_ACTIVE, DT_LAST_MODIFICATION, ID_LAST_USER_MODIFIER) VALUES ( 105, 105, 1, 15, null, 2, 3, 0, 1, '2014-05-29 12:34:00', 1 )

INSERT INTO K_OBSERVATION ( ID_OBSERVATION, ID_USER, DS_OBSERVATION, FG_ACTIVE, DT_LAST_MODIFICATION, ID_LAST_USER_MODIFIER ) VALUES ( 101, 1, 'Observation 2', 1, '2014-04-22 12:00:00', 1);

INSERT INTO K_BOOKING_WEEK_SCREEN ( ID_BOOKING_WEEK_SCREEN, ID_BOOKING_WEEK, ID_BOOKING_STATUS, ID_SCREEN, ID_OBSERVATION ) VALUES ( 104, 103, 1, 1, null )
INSERT INTO K_BOOKING_WEEK_SCREEN ( ID_BOOKING_WEEK_SCREEN, ID_BOOKING_WEEK, ID_BOOKING_STATUS, ID_SCREEN, ID_OBSERVATION ) VALUES ( 105, 103, 1, 2, 101 )
INSERT INTO K_BOOKING_WEEK_SCREEN ( ID_BOOKING_WEEK_SCREEN, ID_BOOKING_WEEK, ID_BOOKING_STATUS, ID_SCREEN, ID_OBSERVATION ) VALUES ( 106, 104, 1, 2, null )
INSERT INTO K_BOOKING_WEEK_SCREEN ( ID_BOOKING_WEEK_SCREEN, ID_BOOKING_WEEK, ID_BOOKING_STATUS, ID_SCREEN, ID_OBSERVATION ) VALUES ( 107, 105, 1, 3, 101 )

--programacion de evento especial
INSERT INTO K_BOOKING_SPECIAL_EVENT ( ID_BOOKING_SPECIAL_EVENT, ID_BOOKING, DT_START_SPECIAL_EVENT, DT_END_SPECIAL_EVENT, QT_COPY, FG_ACTIVE, DT_LAST_MODIFICATION, ID_LAST_USER_MODIFIER, ID_BOOKING_STATUS, QT_COPY_SCREEN_ZERO, QT_COPY_SCREEN_ZERO_TERMINATED ,FG_SHOW_DATE) VALUES ( 110, 100,  '2014-11-19 12:34:00', '2014-11-20 12:34:00', 3, 1, '2014-11-19 12:34:00', 1, 1, 0, 0 ,1)
INSERT INTO K_BOOKING_SPECIAL_EVENT ( ID_BOOKING_SPECIAL_EVENT, ID_BOOKING, DT_START_SPECIAL_EVENT, DT_END_SPECIAL_EVENT, QT_COPY, FG_ACTIVE, DT_LAST_MODIFICATION, ID_LAST_USER_MODIFIER, ID_BOOKING_STATUS, QT_COPY_SCREEN_ZERO, QT_COPY_SCREEN_ZERO_TERMINATED ,FG_SHOW_DATE) VALUES ( 111, 101,  '2014-11-19 12:34:00', '2014-11-20 12:34:00', 3, 1, '2014-11-19 12:34:00', 1, 1, 0, 0 ,1)
INSERT INTO K_BOOKING_SPECIAL_EVENT ( ID_BOOKING_SPECIAL_EVENT, ID_BOOKING, DT_START_SPECIAL_EVENT, DT_END_SPECIAL_EVENT, QT_COPY, FG_ACTIVE, DT_LAST_MODIFICATION, ID_LAST_USER_MODIFIER, ID_BOOKING_STATUS, QT_COPY_SCREEN_ZERO, QT_COPY_SCREEN_ZERO_TERMINATED ,FG_SHOW_DATE) VALUES ( 112, 102,  '2014-11-19 12:34:00', '2014-11-20 12:34:00', 3, 1, '2014-11-19 12:34:00', 1, 1, 0, 0 ,1)

INSERT INTO K_BOOKING_SPECIAL_EVENT_SCREEN ( ID_BOOKING_SPECIAL_EVENT_SCREEN, ID_BOOKING_SPECIAL_EVENT, ID_SCREEN, ID_OBSERVATION, ID_BOOKING_STATUS) VALUES ( 110, 110, 1, 1, 1 )
INSERT INTO K_BOOKING_SPECIAL_EVENT_SCREEN ( ID_BOOKING_SPECIAL_EVENT_SCREEN, ID_BOOKING_SPECIAL_EVENT, ID_SCREEN, ID_OBSERVATION, ID_BOOKING_STATUS) VALUES ( 111, 111, 1, 1, 1 )
INSERT INTO K_BOOKING_SPECIAL_EVENT_SCREEN ( ID_BOOKING_SPECIAL_EVENT_SCREEN, ID_BOOKING_SPECIAL_EVENT, ID_SCREEN, ID_OBSERVATION, ID_BOOKING_STATUS) VALUES ( 112, 112, 1, 1, 1 )
INSERT INTO K_BOOKING_SPECIAL_EVENT_SCREEN ( ID_BOOKING_SPECIAL_EVENT_SCREEN, ID_BOOKING_SPECIAL_EVENT, ID_SCREEN, ID_OBSERVATION, ID_BOOKING_STATUS) VALUES ( 113, 112, 1, 1, 1 )

INSERT INTO K_SPECIAL_EVENT_WEEK ( ID_SPECIAL_EVENT_WEEK, ID_BOOKING_SPECIAL_EVENT, ID_WEEK, FG_ACTIVE, ID_LAST_USER_MODIFIER, DT_LAST_MODIFICATION ) VALUES ( 110, 110, 15, 1, 1, '2014-12-12 12:00:00' );
INSERT INTO K_SPECIAL_EVENT_WEEK ( ID_SPECIAL_EVENT_WEEK, ID_BOOKING_SPECIAL_EVENT, ID_WEEK, FG_ACTIVE, ID_LAST_USER_MODIFIER, DT_LAST_MODIFICATION ) VALUES ( 111, 111, 15, 1, 1, '2014-12-12 12:00:00' );
-- Theater 1
INSERT INTO K_EVENT_MOVIE ( ID_EVENT_MOVIE, ID_EVENT, ID_DISTRIBUTOR, ID_MOVIE_IMAGE, DT_RELEASE, DS_DIRECTOR, DS_SYNOPSIS, DS_RATING, DS_SCRIPT, DS_ACTOR, DS_GENRE, DS_URL) VALUES ( 51, 4, 2, 1, '2014-03-28', 'Director', 'Synopsis', 'B', 'Script', 'Actors', 'Epic', 'http://www.google.com/' )
INSERT INTO K_EVENT_MOVIE ( ID_EVENT_MOVIE, ID_EVENT, ID_DISTRIBUTOR, ID_MOVIE_IMAGE, DT_RELEASE, DS_DIRECTOR, DS_SYNOPSIS, DS_RATING, DS_SCRIPT, DS_ACTOR, DS_GENRE, DS_URL) VALUES ( 52, 5, 2, 2, '2014-03-28', 'Director', 'Synopsis', 'B', 'Script', 'Actors', 'Epic', 'http://www.google.com/' )


INSERT INTO K_BOOKING ( ID_BOOKING, ID_EVENT, ID_THEATER, FG_ACTIVE, DT_LAST_MODIFICATION, ID_LAST_USER_MODIFIER, FG_BOOKED, ID_BOOKING_TYPE ) VALUES ( 106, 4, 1, 1, '2014-05-29 12:34:00', 1, 1 ,1)
INSERT INTO K_BOOKING ( ID_BOOKING, ID_EVENT, ID_THEATER, FG_ACTIVE, DT_LAST_MODIFICATION, ID_LAST_USER_MODIFIER, FG_BOOKED, ID_BOOKING_TYPE ) VALUES ( 107, 13, 1, 1, '2014-05-29 12:34:00', 1, 1 ,1)

INSERT INTO K_BOOKING_WEEK ( ID_BOOKING_WEEK, ID_BOOKING, ID_BOOKING_STATUS, ID_WEEK, DT_EXHIBITION_END_DATE, NU_EXHIBITION_WEEK, QT_COPY, FG_SEND, FG_ACTIVE, DT_LAST_MODIFICATION, ID_LAST_USER_MODIFIER) VALUES ( 106, 106, 1, 15, null, 1, 3, 0, 1, '2014-05-29 12:34:00', 1 )
INSERT INTO K_BOOKING_WEEK ( ID_BOOKING_WEEK, ID_BOOKING, ID_BOOKING_STATUS, ID_WEEK, DT_EXHIBITION_END_DATE, NU_EXHIBITION_WEEK, QT_COPY, FG_SEND, FG_ACTIVE, DT_LAST_MODIFICATION, ID_LAST_USER_MODIFIER) VALUES ( 107, 107, 2, 15, null, 1, 3, 0, 1, '2014-05-29 12:34:00', 1 )

INSERT INTO K_BOOKING_WEEK_SCREEN ( ID_BOOKING_WEEK_SCREEN, ID_BOOKING_WEEK, ID_BOOKING_STATUS, ID_SCREEN, ID_OBSERVATION ) VALUES ( 108, 106, 1, 1, 100 )
INSERT INTO K_BOOKING_WEEK_SCREEN ( ID_BOOKING_WEEK_SCREEN, ID_BOOKING_WEEK, ID_BOOKING_STATUS, ID_SCREEN, ID_OBSERVATION ) VALUES ( 109, 106, 1, 2, 101 )
INSERT INTO K_BOOKING_WEEK_SCREEN ( ID_BOOKING_WEEK_SCREEN, ID_BOOKING_WEEK, ID_BOOKING_STATUS, ID_SCREEN, ID_OBSERVATION ) VALUES ( 110, 107, 1, 2, null )

INSERT INTO K_BOOKING_WEEK_SCREEN_SHOW ( ID_BOOKING_WEEK_SCREEN_SHOW, ID_BOOKING_WEEK_SCREEN, NU_SHOW ) VALUES ( 101, 108, 1 )
INSERT INTO K_BOOKING_WEEK_SCREEN_SHOW ( ID_BOOKING_WEEK_SCREEN_SHOW, ID_BOOKING_WEEK_SCREEN, NU_SHOW ) VALUES ( 102, 109, 4 )
INSERT INTO K_BOOKING_WEEK_SCREEN_SHOW ( ID_BOOKING_WEEK_SCREEN_SHOW, ID_BOOKING_WEEK_SCREEN, NU_SHOW ) VALUES ( 103, 109, 2 )

--programacion de evento especial

INSERT INTO K_BOOKING_SPECIAL_EVENT ( ID_BOOKING_SPECIAL_EVENT, ID_BOOKING, DT_START_SPECIAL_EVENT, DT_END_SPECIAL_EVENT, QT_COPY, FG_ACTIVE, DT_LAST_MODIFICATION, ID_LAST_USER_MODIFIER, ID_BOOKING_STATUS, QT_COPY_SCREEN_ZERO, QT_COPY_SCREEN_ZERO_TERMINATED,FG_SHOW_DATE ) VALUES ( 120, 100,  '2014-11-19 12:34:00', '2014-11-20 12:34:00', 3, 1, '2014-11-19 12:34:00', 1, 1, 0, 0 ,1)
INSERT INTO K_BOOKING_SPECIAL_EVENT ( ID_BOOKING_SPECIAL_EVENT, ID_BOOKING, DT_START_SPECIAL_EVENT, DT_END_SPECIAL_EVENT, QT_COPY, FG_ACTIVE, DT_LAST_MODIFICATION, ID_LAST_USER_MODIFIER, ID_BOOKING_STATUS, QT_COPY_SCREEN_ZERO, QT_COPY_SCREEN_ZERO_TERMINATED,FG_SHOW_DATE ) VALUES ( 121, 101,  '2014-11-19 12:34:00', '2014-11-20 12:34:00', 3, 1, '2014-11-19 12:34:00', 1, 1, 0, 0 ,1)
INSERT INTO K_BOOKING_SPECIAL_EVENT ( ID_BOOKING_SPECIAL_EVENT, ID_BOOKING, DT_START_SPECIAL_EVENT, DT_END_SPECIAL_EVENT, QT_COPY, FG_ACTIVE, DT_LAST_MODIFICATION, ID_LAST_USER_MODIFIER, ID_BOOKING_STATUS, QT_COPY_SCREEN_ZERO, QT_COPY_SCREEN_ZERO_TERMINATED,FG_SHOW_DATE ) VALUES ( 122, 102,  '2014-11-19 12:34:00', '2014-11-20 12:34:00', 3, 1, '2014-11-19 12:34:00', 1, 1, 0, 0 ,1)

INSERT INTO K_BOOKING_SPECIAL_EVENT_SCREEN ( ID_BOOKING_SPECIAL_EVENT_SCREEN, ID_BOOKING_SPECIAL_EVENT, ID_SCREEN, ID_OBSERVATION, ID_BOOKING_STATUS) VALUES ( 120, 120, 1, 1, 1 )
INSERT INTO K_BOOKING_SPECIAL_EVENT_SCREEN ( ID_BOOKING_SPECIAL_EVENT_SCREEN, ID_BOOKING_SPECIAL_EVENT, ID_SCREEN, ID_OBSERVATION, ID_BOOKING_STATUS) VALUES ( 121, 121, 1, 1, 1 )
INSERT INTO K_BOOKING_SPECIAL_EVENT_SCREEN ( ID_BOOKING_SPECIAL_EVENT_SCREEN, ID_BOOKING_SPECIAL_EVENT, ID_SCREEN, ID_OBSERVATION, ID_BOOKING_STATUS) VALUES ( 122, 122, 1, 1, 1 )



INSERT INTO K_SPECIAL_EVENT_WEEK ( ID_SPECIAL_EVENT_WEEK, ID_BOOKING_SPECIAL_EVENT, ID_WEEK, FG_ACTIVE, ID_LAST_USER_MODIFIER, DT_LAST_MODIFICATION ) VALUES ( 120, 120, 15, 1, 1, '2014-12-12 12:00:00' );
INSERT INTO K_SPECIAL_EVENT_WEEK ( ID_SPECIAL_EVENT_WEEK, ID_BOOKING_SPECIAL_EVENT, ID_WEEK, FG_ACTIVE, ID_LAST_USER_MODIFIER, DT_LAST_MODIFICATION ) VALUES ( 121, 121, 15, 1, 1, '2014-12-12 12:00:00' );



--INSERT INTO K_BOOKING ( ID_BOOKING, ID_EVENT, ID_WEEK, ID_THEATER, ID_BOOKING_STATUS, NU_EXHIBITION_WEEK, DT_EXHIBITION_END_DATE, QT_COPY, FG_ACTIVE, DT_LAST_MODIFICATION, ID_LAST_USER_MODIFIER ) values (56,4,15,1,1,1,null,3,1,'2014-04-14',1);
--INSERT INTO K_BOOKING ( ID_BOOKING, ID_EVENT, ID_WEEK, ID_THEATER, ID_BOOKING_STATUS, NU_EXHIBITION_WEEK, DT_EXHIBITION_END_DATE, QT_COPY, FG_ACTIVE, DT_LAST_MODIFICATION, ID_LAST_USER_MODIFIER ) values (57,5,15,1,4,1,null,12,1,'2014-04-14',1);

--INSERT INTO K_BOOKING_X_SCREEN ( ID_BOOKING, ID_SCREEN ) VALUES ( 56, 1 );
--INSERT INTO K_BOOKING_X_SCREEN ( ID_BOOKING, ID_SCREEN ) VALUES ( 56, 2 );
--INSERT INTO K_BOOKING_X_SCREEN ( ID_BOOKING, ID_SCREEN ) VALUES ( 57, 2 );

